SNOMEDCode,description
'320697002,Chlorphenamine 4mg tablets
'942911000001100,Chlorphenamine 4mg tablets
'961111000001100,Chlorphenamine 4mg tablets
'1300811000001107,Chlorphenamine 4mg tablets
'1133011000001109,Chlorphenamine 4mg tablets
'13202311000001103,Chlorphenamine 4mg tablets
'21030011000001109,Chlorphenamine 4mg tablets
'574211000001109,Chlorphenamine 4mg tablets (A A H Pharmaceuticals Ltd)
'1572811000001104,Chlorphenamine 4mg tablets (A A H Pharmaceuticals Ltd)
'1572911000001109,Chlorphenamine 4mg tablets (A A H Pharmaceuticals Ltd)
'806411000001109,Boots Allergy Relief 4mg tablets (The Boots Company Plc)
'1573111000001100,Boots Allergy Relief 4mg tablets (The Boots Company Plc)
'372011000001107,Piriton 4mg tablets (GlaxoSmithKline Consumer Healthcare)
'1574211000001109,Piriton 4mg tablets (GlaxoSmithKline Consumer Healthcare)
'746811000001100,Piriton Allergy 4mg tablets (GlaxoSmithKline Consumer Healthcare)
'1576011000001109,Piriton Allergy 4mg tablets (GlaxoSmithKline Consumer Healthcare)
'13202611000001108,Piriton Allergy 4mg tablets (GlaxoSmithKline Consumer Healthcare)
'296211000001100,Chlorphenamine 4mg tablets (Kent Pharmaceuticals Ltd)
'1577311000001105,Chlorphenamine 4mg tablets (Kent Pharmaceuticals Ltd)
'4007311000001106,Chlorphenamine 4mg tablets (Kent Pharmaceuticals Ltd)
'4579311000001109,Chlorphenamine 4mg tablets (Kent Pharmaceuticals Ltd)
'139511000001104,Calimal 4mg tablets (Sussex Pharmaceutical Ltd)
'1579011000001103,Calimal 4mg tablets (Sussex Pharmaceutical Ltd)
'469311000001102,Chlorphenamine 4mg tablets (Sussex Pharmaceutical Ltd)
'1579411000001107,Chlorphenamine 4mg tablets (Sussex Pharmaceutical Ltd)
'1579711000001101,Chlorphenamine 4mg tablets (Sussex Pharmaceutical Ltd)
'1580111000001102,Chlorphenamine 4mg tablets (Sussex Pharmaceutical Ltd)
'850011000001108,Chlorphenamine 4mg tablets (Alliance Healthcare (Distribution) Ltd)
'1584811000001104,Chlorphenamine 4mg tablets (Alliance Healthcare (Distribution) Ltd)
'1585011000001109,Chlorphenamine 4mg tablets (Alliance Healthcare (Distribution) Ltd)
'520211000001100,Chlorphenamine 4mg tablets (Vantage)
'1614911000001104,Chlorphenamine 4mg tablets (Vantage)
'856611000001104,Chlorphenamine 4mg tablets (Teva UK Ltd)
'9101811000001103,Chlorphenamine 4mg tablets (Teva UK Ltd)
'3336111000001102,Chlorphenamine 4mg tablets (Teva UK Ltd)
'50811000001103,Pollenase Antihistamine 4mg tablets (E M Pharma)
'3333911000001105,Pollenase Antihistamine 4mg tablets (E M Pharma)
'126611000001106,Chlorphenamine 4mg tablets (Actavis UK Ltd)
'2796611000001108,Chlorphenamine 4mg tablets (Actavis UK Ltd)
'4329511000001102,Chlorphenamine 4mg tablets (Sandoz Ltd)
'4329611000001103,Chlorphenamine 4mg tablets (Sandoz Ltd)
'7960911000001107,Hayleve 4mg tablets (Genesis Pharmaceuticals Ltd)
'7961011000001104,Hayleve 4mg tablets (Genesis Pharmaceuticals Ltd)
'9795311000001101,Chlorphenamine 4mg tablets (Almus Pharmaceuticals Ltd)
'9795411000001108,Chlorphenamine 4mg tablets (Almus Pharmaceuticals Ltd)
'10074911000001108,Lloydspharmacy Allergy Relief Antihistamine 4mg tablets (Lloyds Pharmacy Ltd)
'10075011000001108,Lloydspharmacy Allergy Relief Antihistamine 4mg tablets (Lloyds Pharmacy Ltd)
'10392411000001102,Chlorphenamine 4mg tablets (Arrow Generics Ltd)
'10392511000001103,Chlorphenamine 4mg tablets (Arrow Generics Ltd)
'13215911000001107,Chlorphenamine 4mg tablets (Dowelhurst Ltd)
'13216011000001104,Chlorphenamine 4mg tablets (Dowelhurst Ltd)
'13216111000001103,Chlorphenamine 4mg tablets (Dowelhurst Ltd)
'13574711000001108,ALLERcalm Allergy Relief 4mg tablets (Actavis UK Ltd)
'13574811000001100,ALLERcalm Allergy Relief 4mg tablets (Actavis UK Ltd)
'13576611000001108,Chlorphenamine 4mg tablets (DE Pharmaceuticals)
'23818411000001102,Chlorphenamine 4mg tablets (DE Pharmaceuticals)
'13576711000001104,Chlorphenamine 4mg tablets (DE Pharmaceuticals)
'14802411000001100,Chlorphenamine 4mg tablets (Boston Healthcare Ltd)
'14802511000001101,Chlorphenamine 4mg tablets (Boston Healthcare Ltd)
'14802611000001102,Chlorphenamine 4mg tablets (Boston Healthcare Ltd)
'15075611000001108,Chlorphenamine 4mg tablets (Sigma Pharmaceuticals Plc)
'15075811000001107,Chlorphenamine 4mg tablets (Sigma Pharmaceuticals Plc)
'15246411000001106,Numark Antihistamine 4mg tablets (Numark Ltd)
'15246511000001105,Numark Antihistamine 4mg tablets (Numark Ltd)
'17337911000001107,Chlorphenamine 4mg tablets (Strides Pharma UK Ltd)
'17338011000001109,Chlorphenamine 4mg tablets (Strides Pharma UK Ltd)
'17338111000001105,Chlorphenamine 4mg tablets (Strides Pharma UK Ltd)
'18099411000001105,Chlorphenamine 4mg tablets (Phoenix Healthcare Distribution Ltd)
'18099511000001109,Chlorphenamine 4mg tablets (Phoenix Healthcare Distribution Ltd)
'18099611000001108,Chlorphenamine 4mg tablets (Phoenix Healthcare Distribution Ltd)
'20534211000001104,Boots Allergy Relief Antihistamine 4mg tablets (The Boots Company Plc)
'20534311000001107,Boots Allergy Relief Antihistamine 4mg tablets (The Boots Company Plc)
'21029111000001102,Chlorphenamine 4mg tablets (Bristol Laboratories Ltd)
'21029211000001108,Chlorphenamine 4mg tablets (Bristol Laboratories Ltd)
'21029511000001106,Chlorphenamine 4mg tablets (Bristol Laboratories Ltd)
'21032111000001109,Chlorphenamine 4mg tablets (Bristol Laboratories Ltd)
'21032211000001103,Chlorphenamine 4mg tablets (Bristol Laboratories Ltd)
'21029611000001105,Chlorphenamine 4mg tablets (Bristol Laboratories Ltd)
'21030611000001102,Chlorphenamine 4mg tablets (Bristol Laboratories Ltd)
'22452511000001107,Chlorphenamine 4mg tablets (Waymade Healthcare Plc)
'22452611000001106,Chlorphenamine 4mg tablets (Waymade Healthcare Plc)
'28984211000001103,Chlorphenamine 4mg tablets (Crescent Pharma Ltd)
'28984311000001106,Chlorphenamine 4mg tablets (Crescent Pharma Ltd)
'30013711000001103,Chlorphenamine 4mg tablets (Mawdsley-Brooks & Company Ltd)
'30013811000001106,Chlorphenamine 4mg tablets (Mawdsley-Brooks & Company Ltd)
'36016811000001106,Allerief 4mg tablets (Crescent Pharma Ltd)
'36017311000001104,Allerief 4mg tablets (Crescent Pharma Ltd)
'320818006,Cetirizine 10mg tablets
'1225511000001102,Cetirizine 10mg tablets
'1284111000001103,Cetirizine 10mg tablets
'1148811000001109,Cetirizine 10mg tablets
'5518211000001108,Cetirizine 10mg tablets
'7335611000001109,Cetirizine 10mg tablets
'24395511000001105,Cetirizine 10mg tablets
'29868611000001102,Cetirizine 10mg tablets
'334511000001106,Cetirizine 10mg tablets (A A H Pharmaceuticals Ltd)
'1883211000001102,Cetirizine 10mg tablets (A A H Pharmaceuticals Ltd)
'1883311000001105,Cetirizine 10mg tablets (A A H Pharmaceuticals Ltd)
'626511000001106,Cetirizine 10mg tablets (Actavis UK Ltd)
'1883711000001109,Cetirizine 10mg tablets (Actavis UK Ltd)
'4690411000001109,Cetirizine 10mg tablets (Actavis UK Ltd)
'609311000001101,Cetirizine 10mg tablets (Teva UK Ltd)
'1883911000001106,Cetirizine 10mg tablets (Teva UK Ltd)
'1884311000001107,Cetirizine 10mg tablets (Teva UK Ltd)
'513911000001105,Cetirocol 10mg tablets (Teva UK Ltd)
'1884711000001106,Cetirocol 10mg tablets (Teva UK Ltd)
'102111000001108,Cetirizine 10mg tablets (C P Pharmaceuticals Ltd)
'1884911000001108,Cetirizine 10mg tablets (C P Pharmaceuticals Ltd)
'775711000001104,Cetirizine 10mg tablets (Mylan)
'1885111000001109,Cetirizine 10mg tablets (Mylan)
'692911000001107,Piriteze Allergy 10mg tablets (GlaxoSmithKline Consumer Healthcare)
'1885411000001104,Piriteze Allergy 10mg tablets (GlaxoSmithKline Consumer Healthcare)
'1885511000001100,Piriteze Allergy 10mg tablets (GlaxoSmithKline Consumer Healthcare)
'29868711000001106,Piriteze Allergy 10mg tablets (GlaxoSmithKline Consumer Healthcare)
'320911000001106,Cetirizine 10mg tablets (Kent Pharmaceuticals Ltd)
'1893911000001105,Cetirizine 10mg tablets (Kent Pharmaceuticals Ltd)
'1907911000001106,Cetirizine 10mg tablets (Kent Pharmaceuticals Ltd)
'796711000001103,Cetirizine 10mg tablets (Sandoz Ltd)
'1894111000001109,Cetirizine 10mg tablets (Sandoz Ltd)
'480411000001101,Benadryl One A Day Relief 10mg tablets (McNeil Products Ltd)
'1894311000001106,Benadryl One A Day Relief 10mg tablets (McNeil Products Ltd)
'1894711000001105,Benadryl One A Day Relief 10mg tablets (McNeil Products Ltd)
'717211000001106,Cetirizine 10mg tablets (Ranbaxy (UK) Ltd)
'1894811000001102,Cetirizine 10mg tablets (Ranbaxy (UK) Ltd)
'185511000001106,Cetirizine 10mg tablets (Sterwin Medicines)
'1894911000001107,Cetirizine 10mg tablets (Sterwin Medicines)
'1895211000001102,Cetirizine 10mg tablets (Sterwin Medicines)
'88211000001106,Zirtek Allergy 10mg tablets (UCB Pharma Ltd)
'4051311000001109,Zirtek Allergy 10mg tablets (UCB Pharma Ltd)
'4051111000001107,Zirtek Allergy 10mg tablets (UCB Pharma Ltd)
'1895411000001103,Zirtek Allergy 10mg tablets (UCB Pharma Ltd)
'7335711000001100,Zirtek Allergy 10mg tablets (UCB Pharma Ltd)
'218111000001106,Zirtek 10mg tablets (UCB Pharma Ltd)
'1896611000001105,Zirtek 10mg tablets (UCB Pharma Ltd)
'1896811000001109,Zirtek 10mg tablets (UCB Pharma Ltd)
'533411000001107,Cetirizine 10mg tablets (Alliance Healthcare (Distribution) Ltd)
'1897611000001107,Cetirizine 10mg tablets (Alliance Healthcare (Distribution) Ltd)
'1897711000001103,Cetirizine 10mg tablets (Alliance Healthcare (Distribution) Ltd)
'4379711000001106,Cetirizine 10mg tablets (IVAX Pharmaceuticals UK Ltd)
'4379811000001103,Cetirizine 10mg tablets (IVAX Pharmaceuticals UK Ltd)
'4611811000001102,Galpharm Hayfever and Allergy Relief 10mg tablets (Galpharm International Ltd)
'8980411000001107,Galpharm Hayfever and Allergy Relief 10mg tablets (Galpharm International Ltd)
'4611911000001107,Galpharm Hayfever and Allergy Relief 10mg tablets (Galpharm International Ltd)
'17370311000001108,Galpharm Hayfever and Allergy Relief 10mg tablets (Galpharm International Ltd)
'5434711000001108,Zirtek 10mg tablets (Waymade Healthcare Plc)
'5434811000001100,Zirtek 10mg tablets (Waymade Healthcare Plc)
'5518411000001107,Cetirizine 10mg tablets (Dowelhurst Ltd)
'5618511000001103,Cetirizine 10mg tablets (Dowelhurst Ltd)
'13214411000001100,Cetirizine 10mg tablets (Dowelhurst Ltd)
'5518611000001105,Cetirizine 10mg tablets (Dowelhurst Ltd)
'5518811000001109,Cetirizine 10mg tablets (Dowelhurst Ltd)
'5601511000001105,Zirtek 10mg tablets (Dowelhurst Ltd)
'5601711000001100,Zirtek 10mg tablets (Dowelhurst Ltd)
'7906711000001109,Lloydspharmacy Hayfever and Allergy Relief 10mg tablets (Lloyds Pharmacy Ltd)
'7907011000001105,Lloydspharmacy Hayfever and Allergy Relief 10mg tablets (Lloyds Pharmacy Ltd)
'19364511000001106,Lloydspharmacy Hayfever and Allergy Relief 10mg tablets (Lloyds Pharmacy Ltd)
'7958211000001107,AllerTek 10mg tablets (Ratiopharm UK Ltd)
'7958311000001104,AllerTek 10mg tablets (Ratiopharm UK Ltd)
'9299411000001100,Cetec 10mg tablets (Herbal Concepts Ltd)
'9299511000001101,Cetec 10mg tablets (Herbal Concepts Ltd)
'9726211000001109,Zirtek Allergy Relief 10mg tablets (UCB Pharma Ltd)
'9726311000001101,Zirtek Allergy Relief 10mg tablets (UCB Pharma Ltd)
'10450611000001100,Cetirizine 10mg tablets (Arrow Generics Ltd)
'10450711000001109,Cetirizine 10mg tablets (Arrow Generics Ltd)
'11011911000001106,Cetirizine 10mg tablets (Dr Reddy's Laboratories (UK) Ltd)
'11012011000001104,Cetirizine 10mg tablets (Dr Reddy's Laboratories (UK) Ltd)
'11012211000001109,Cetirizine 10mg tablets (Dr Reddy's Laboratories (UK) Ltd)
'11400711000001105,Cetirizine 10mg tablets (PLIVA Pharma Ltd)
'11401011000001104,Cetirizine 10mg tablets (PLIVA Pharma Ltd)
'11402611000001100,Cetirizine 10mg tablets (Almus Pharmaceuticals Ltd)
'11402811000001101,Cetirizine 10mg tablets (Almus Pharmaceuticals Ltd)
'11493011000001100,Pollenshield Hayfever Relief 10mg tablets (Actavis UK Ltd)
'11493111000001104,Pollenshield Hayfever Relief 10mg tablets (Actavis UK Ltd)
'11588011000001100,Cetirizine 10mg tablets (Dexcel-Pharma Ltd)
'11588111000001104,Cetirizine 10mg tablets (Dexcel-Pharma Ltd)
'12430011000001100,Pollenshield Hayfever 10mg tablets (Actavis UK Ltd)
'12430211000001105,Pollenshield Hayfever 10mg tablets (Actavis UK Ltd)
'13989811000001100,Zirtek Allergy 10mg tablets (DE Pharmaceuticals)
'13989911000001105,Zirtek Allergy 10mg tablets (DE Pharmaceuticals)
'14160911000001102,Cetirizine 10mg tablets (Chanelle Medical UK Ltd)
'14161011000001105,Cetirizine 10mg tablets (Chanelle Medical UK Ltd)
'14241711000001100,Numark Hayfever & Allergy Relief 10mg tablets (Numark Ltd)
'14241911000001103,Numark Hayfever & Allergy Relief 10mg tablets (Numark Ltd)
'14241811000001108,Numark Hayfever & Allergy Relief 10mg tablets (Numark Ltd)
'24395411000001106,Numark Hayfever & Allergy Relief 10mg tablets (Numark Ltd)
'24395611000001109,Numark Hayfever & Allergy Relief 10mg tablets (Numark Ltd)
'15074911000001101,Cetirizine 10mg tablets (Sigma Pharmaceuticals Plc)
'15075011000001101,Cetirizine 10mg tablets (Sigma Pharmaceuticals Plc)
'15157811000001106,Cetirizine 10mg tablets (Wockhardt UK Ltd)
'15157911000001101,Cetirizine 10mg tablets (Wockhardt UK Ltd)
'15988411000001103,Cetirizine 10mg tablets (Bristol Laboratories Ltd)
'15988611000001100,Cetirizine 10mg tablets (Bristol Laboratories Ltd)
'15988511000001104,Cetirizine 10mg tablets (Bristol Laboratories Ltd)
'16093411000001102,Benadryl One A Day 10mg tablets (McNeil Products Ltd)
'16093511000001103,Benadryl One A Day 10mg tablets (McNeil Products Ltd)
'17854311000001100,Cetirizine 10mg tablets (Phoenix Healthcare Distribution Ltd)
'17854411000001107,Cetirizine 10mg tablets (Phoenix Healthcare Distribution Ltd)
'18067211000001102,Cetirizine 10mg tablets (Fannin UK Ltd)
'18067411000001103,Cetirizine 10mg tablets (Fannin UK Ltd)
'19712911000001108,Cetirizine 10mg tablets (DE Pharmaceuticals)
'19713011000001100,Cetirizine 10mg tablets (DE Pharmaceuticals)
'19713111000001104,Cetirizine 10mg tablets (DE Pharmaceuticals)
'21832411000001100,Cetirizine 10mg tablets (Waymade Healthcare Plc)
'21832511000001101,Cetirizine 10mg tablets (Waymade Healthcare Plc)
'22331711000001103,Cetirizine 10mg tablets (APC Pharmaceuticals & Chemicals (Europe) Ltd)
'22331811000001106,Cetirizine 10mg tablets (APC Pharmaceuticals & Chemicals (Europe) Ltd)
'24421011000001100,"Cetirizine 10mg tablets (Bell,Sons & Co (Druggists) Ltd)"
'24421111000001104,"Cetirizine 10mg tablets (Bell,Sons & Co (Druggists) Ltd)"
'25325911000001104,Allacan 10mg tablets (Bristol Laboratories Ltd)
'34442911000001108,Allacan 10mg tablets (Bristol Laboratories Ltd)
'25326411000001103,Allacan 10mg tablets (Bristol Laboratories Ltd)
'25326611000001100,Allacan 10mg tablets (Bristol Laboratories Ltd)
'28973611000001106,BecoAllergy 10mg tablets (Omega Pharma Ltd)
'28974211000001107,BecoAllergy 10mg tablets (Omega Pharma Ltd)
'28973811000001105,BecoAllergy 10mg tablets (Omega Pharma Ltd)
'28974111000001101,BecoAllergy 10mg tablets (Omega Pharma Ltd)
'30012911000001108,Cetirizine 10mg tablets (Mawdsley-Brooks & Company Ltd)
'30013011000001100,Cetirizine 10mg tablets (Mawdsley-Brooks & Company Ltd)
'31008411000001106,Cetirizine 10mg tablets (Vantage)
'31008511000001105,Cetirizine 10mg tablets (Vantage)
'32652911000001102,Cetirizine 10mg tablets (Crescent Pharma Ltd)
'32653011000001105,Cetirizine 10mg tablets (Crescent Pharma Ltd)
'33744411000001103,Benadryl Allergy One A Day 10mg tablets (McNeil Products Ltd)
'33744711000001109,Benadryl Allergy One A Day 10mg tablets (McNeil Products Ltd)
'33744511000001104,Benadryl Allergy One A Day 10mg tablets (McNeil Products Ltd)
'33744611000001100,Benadryl Allergy One A Day 10mg tablets (McNeil Products Ltd)
'33932911000001109,Cetirizine 10mg tablets (Somex Pharma)
'33933011000001101,Cetirizine 10mg tablets (Somex Pharma)
'320820009,Cetirizine 1mg/ml oral solution sugar free
'1107311000001107,Cetirizine 1mg/ml oral solution sugar free
'1294211000001105,Cetirizine 1mg/ml oral solution sugar free
'4494111000001106,Cetirizine 1mg/ml oral solution sugar free
'4502511000001101,Cetirizine 1mg/ml oral solution sugar free
'7735911000001102,Cetirizine 1mg/ml oral solution sugar free
'581311000001105,Cetirizine 1mg/ml oral solution sugar free (A A H Pharmaceuticals Ltd)
'4333011000001109,Cetirizine 1mg/ml oral solution sugar free (A A H Pharmaceuticals Ltd)
'1900711000001108,Cetirizine 1mg/ml oral solution sugar free (A A H Pharmaceuticals Ltd)
'10356011000001102,Cetirizine 1mg/ml oral solution sugar free (A A H Pharmaceuticals Ltd)
'84511000001102,Cetirizine 1mg/ml oral solution sugar free (Sandoz Ltd)
'3963411000001102,Cetirizine 1mg/ml oral solution sugar free (Sandoz Ltd)
'1901011000001102,Cetirizine 1mg/ml oral solution sugar free (Sandoz Ltd)
'76011000001109,Cetirizine 1mg/ml oral solution sugar free (Alliance Healthcare (Distribution) Ltd)
'4273811000001107,Cetirizine 1mg/ml oral solution sugar free (Alliance Healthcare (Distribution) Ltd)
'1901111000001101,Cetirizine 1mg/ml oral solution sugar free (Alliance Healthcare (Distribution) Ltd)
'4117511000001105,Cetirizine 1mg/ml oral solution sugar free (Teva UK Ltd)
'4117611000001109,Cetirizine 1mg/ml oral solution sugar free (Teva UK Ltd)
'4494011000001105,Benadryl Allergy 1mg/ml oral solution (McNeil Products Ltd)
'4494211000001100,Benadryl Allergy 1mg/ml oral solution (McNeil Products Ltd)
'4502411000001100,Zirtek Allergy 1mg/ml oral solution (UCB Pharma Ltd)
'4927811000001104,Zirtek Allergy 1mg/ml oral solution (UCB Pharma Ltd)
'9178811000001103,Zirtek Allergy 1mg/ml oral solution (UCB Pharma Ltd)
'4502611000001102,Zirtek Allergy 1mg/ml oral solution (UCB Pharma Ltd)
'5435211000001100,Zirtek 5mg/5ml oral solution (Waymade Healthcare Plc)
'5435311000001108,Zirtek 5mg/5ml oral solution (Waymade Healthcare Plc)
'5518511000001106,Cetirizine 1mg/ml oral solution sugar free (Dowelhurst Ltd)
'5518711000001101,Cetirizine 1mg/ml oral solution sugar free (Dowelhurst Ltd)
'5616611000001100,Zirtek 5mg/5ml oral solution (Dowelhurst Ltd)
'5616711000001109,Zirtek 5mg/5ml oral solution (Dowelhurst Ltd)
'7560511000001106,Cetirizine 1mg/ml oral solution sugar free (Kent Pharmaceuticals Ltd)
'7560611000001105,Cetirizine 1mg/ml oral solution sugar free (Kent Pharmaceuticals Ltd)
'9456911000001106,Cetirizine 1mg/ml oral solution sugar free (Kent Pharmaceuticals Ltd)
'7735711000001104,Piriteze Allergy 1mg/ml syrup (GlaxoSmithKline Consumer Healthcare)
'7736311000001108,Piriteze Allergy 1mg/ml syrup (GlaxoSmithKline Consumer Healthcare)
'8139211000001108,Cetirizine 1mg/ml oral solution sugar free (Genus Pharmaceuticals Ltd)
'8139311000001100,Cetirizine 1mg/ml oral solution sugar free (Genus Pharmaceuticals Ltd)
'9180711000001102,Zirtek Allergy Relief for Children 1mg/ml oral solution (UCB Pharma Ltd)
'9180811000001105,Zirtek Allergy Relief for Children 1mg/ml oral solution (UCB Pharma Ltd)
'10039411000001104,Galpharm Hayfever and Allergy Relief 1mg/ml syrup (Galpharm International Ltd)
'10039611000001101,Galpharm Hayfever and Allergy Relief 1mg/ml syrup (Galpharm International Ltd)
'10277611000001102,Benadryl Allergy Children's 6+ 1mg/ml oral solution (McNeil Products Ltd)
'10277711000001106,Benadryl Allergy Children's 6+ 1mg/ml oral solution (McNeil Products Ltd)
'11021811000001109,Cetirizine 1mg/ml oral solution sugar free (Dr Reddy's Laboratories (UK) Ltd)
'11021911000001104,Cetirizine 1mg/ml oral solution sugar free (Dr Reddy's Laboratories (UK) Ltd)
'13619411000001104,Cetirizine 1mg/ml oral solution sugar free (Pinewood Healthcare)
'13619511000001100,Cetirizine 1mg/ml oral solution sugar free (Pinewood Healthcare)
'14768311000001107,Zirtek 5mg/5ml oral solution (Sigma Pharmaceuticals Plc)
'14768411000001100,Zirtek 5mg/5ml oral solution (Sigma Pharmaceuticals Plc)
'15074711000001103,Cetirizine 1mg/ml oral solution sugar free (Sigma Pharmaceuticals Plc)
'15074811000001106,Cetirizine 1mg/ml oral solution sugar free (Sigma Pharmaceuticals Plc)
'17220011000001101,Cetirizine 1mg/ml oral solution sugar free (Actavis UK Ltd)
'17220111000001100,Cetirizine 1mg/ml oral solution sugar free (Actavis UK Ltd)
'18086711000001108,Cetirizine 1mg/ml oral solution sugar free (Phoenix Healthcare Distribution Ltd)
'18086811000001100,Cetirizine 1mg/ml oral solution sugar free (Phoenix Healthcare Distribution Ltd)
'21832211000001104,Cetirizine 1mg/ml oral solution sugar free (Waymade Healthcare Plc)
'21832311000001107,Cetirizine 1mg/ml oral solution sugar free (Waymade Healthcare Plc)
'27804411000001102,Benadryl Allergy Children's 1mg/ml oral solution (McNeil Products Ltd)
'27804511000001103,Benadryl Allergy Children's 1mg/ml oral solution (McNeil Products Ltd)
'33730411000001108,Ziralton Allergy Relief for Children 5mg/5ml oral solution (Pinewood Healthcare)
'33730511000001107,Ziralton Allergy Relief for Children 5mg/5ml oral solution (Pinewood Healthcare)
'320826003,Fexofenadine 120mg tablets
'1201511000001109,Fexofenadine 120mg tablets
'13207511000001107,Fexofenadine 120mg tablets
'58911000001105,Telfast 120mg tablets (Sanofi)
'1994911000001102,Telfast 120mg tablets (Sanofi)
'5416311000001107,Telfast 120mg tablets (Waymade Healthcare Plc)
'5416411000001100,Telfast 120mg tablets (Waymade Healthcare Plc)
'5511011000001109,Fexofenadine 120mg tablets (Dowelhurst Ltd)
'5511211000001104,Fexofenadine 120mg tablets (Dowelhurst Ltd)
'5586811000001105,Telfast 120mg tablets (Dowelhurst Ltd)
'5586911000001100,Telfast 120mg tablets (Dowelhurst Ltd)
'13207711000001102,Telfast 120mg tablets (Dowelhurst Ltd)
'10930611000001102,Fexofenadine 120mg tablets (Zentiva)
'10930711000001106,Fexofenadine 120mg tablets (Zentiva)
'11004611000001101,Fexofenadine 120mg tablets (Kent Pharmaceuticals Ltd)
'11004711000001105,Fexofenadine 120mg tablets (Kent Pharmaceuticals Ltd)
'11064311000001107,Fexofenadine 120mg tablets (A A H Pharmaceuticals Ltd)
'11064411000001100,Fexofenadine 120mg tablets (A A H Pharmaceuticals Ltd)
'13433011000001100,Fexofenadine 120mg tablets (Teva UK Ltd)
'13433111000001104,Fexofenadine 120mg tablets (Teva UK Ltd)
'13468811000001106,Fexofenadine 120mg tablets (PLIVA Pharma Ltd)
'13468911000001101,Fexofenadine 120mg tablets (PLIVA Pharma Ltd)
'13587611000001101,Fexofenadine 120mg tablets (Alliance Healthcare (Distribution) Ltd)
'13587711000001105,Fexofenadine 120mg tablets (Alliance Healthcare (Distribution) Ltd)
'14161911000001109,Fexofenadine 120mg tablets (Chanelle Medical UK Ltd)
'14162011000001102,Fexofenadine 120mg tablets (Chanelle Medical UK Ltd)
'14694911000001105,Fexofenadine 120mg tablets (Actavis UK Ltd)
'14695011000001105,Fexofenadine 120mg tablets (Actavis UK Ltd)
'15086711000001104,Fexofenadine 120mg tablets (Sigma Pharmaceuticals Plc)
'15086811000001107,Fexofenadine 120mg tablets (Sigma Pharmaceuticals Plc)
'15231711000001105,Fexofenadine 120mg tablets (Mylan)
'15231811000001102,Fexofenadine 120mg tablets (Mylan)
'16268111000001108,Telfast 120mg tablets (Lexon (UK) Ltd)
'16268211000001102,Telfast 120mg tablets (Lexon (UK) Ltd)
'17460111000001106,Telfast 120mg tablets (Mawdsley-Brooks & Company Ltd)
'17460211000001100,Telfast 120mg tablets (Mawdsley-Brooks & Company Ltd)
'17907411000001100,Fexofenadine 120mg tablets (Phoenix Healthcare Distribution Ltd)
'17907511000001101,Fexofenadine 120mg tablets (Phoenix Healthcare Distribution Ltd)
'18197011000001103,Telfast 120mg tablets (Necessity Supplies Ltd)
'18197111000001102,Telfast 120mg tablets (Necessity Supplies Ltd)
'18475111000001100,Fexofenadine 120mg tablets (Dr Reddy's Laboratories (UK) Ltd)
'18475211000001106,Fexofenadine 120mg tablets (Dr Reddy's Laboratories (UK) Ltd)
'21995811000001106,Fexofenadine 120mg tablets (Waymade Healthcare Plc)
'21995911000001101,Fexofenadine 120mg tablets (Waymade Healthcare Plc)
'23978011000001107,Fexofenadine 120mg tablets (DE Pharmaceuticals)
'23978111000001108,Fexofenadine 120mg tablets (DE Pharmaceuticals)
'36380511000001107,Fexofenadine 120mg tablets (Cipla EU Ltd)
'36380711000001102,Fexofenadine 120mg tablets (Cipla EU Ltd)
'320828002,Fexofenadine 180mg tablets
'1251611000001102,Fexofenadine 180mg tablets
'13207911000001100,Fexofenadine 180mg tablets
'880711000001100,Telfast 180mg tablets (Sanofi)
'1996311000001109,Telfast 180mg tablets (Sanofi)
'5416511000001101,Telfast 180mg tablets (Waymade Healthcare Plc)
'5416611000001102,Telfast 180mg tablets (Waymade Healthcare Plc)
'5511411000001100,Fexofenadine 180mg tablets (Dowelhurst Ltd)
'5511511000001101,Fexofenadine 180mg tablets (Dowelhurst Ltd)
'5587011000001101,Telfast 180mg tablets (Dowelhurst Ltd)
'5587111000001100,Telfast 180mg tablets (Dowelhurst Ltd)
'13208011000001103,Telfast 180mg tablets (Dowelhurst Ltd)
'10930811000001103,Fexofenadine 180mg tablets (Zentiva)
'10930911000001108,Fexofenadine 180mg tablets (Zentiva)
'11005011000001107,Fexofenadine 180mg tablets (Kent Pharmaceuticals Ltd)
'11005111000001108,Fexofenadine 180mg tablets (Kent Pharmaceuticals Ltd)
'11064711000001106,Fexofenadine 180mg tablets (A A H Pharmaceuticals Ltd)
'11065011000001108,Fexofenadine 180mg tablets (A A H Pharmaceuticals Ltd)
'13433211000001105,Fexofenadine 180mg tablets (Teva UK Ltd)
'13433311000001102,Fexofenadine 180mg tablets (Teva UK Ltd)
'13469011000001105,Fexofenadine 180mg tablets (PLIVA Pharma Ltd)
'13469111000001106,Fexofenadine 180mg tablets (PLIVA Pharma Ltd)
'13587811000001102,Fexofenadine 180mg tablets (Alliance Healthcare (Distribution) Ltd)
'13587911000001107,Fexofenadine 180mg tablets (Alliance Healthcare (Distribution) Ltd)
'14162111000001101,Fexofenadine 180mg tablets (Chanelle Medical UK Ltd)
'14162211000001107,Fexofenadine 180mg tablets (Chanelle Medical UK Ltd)
'14695111000001106,Fexofenadine 180mg tablets (Actavis UK Ltd)
'14695211000001100,Fexofenadine 180mg tablets (Actavis UK Ltd)
'15086911000001102,Fexofenadine 180mg tablets (Sigma Pharmaceuticals Plc)
'15087011000001103,Fexofenadine 180mg tablets (Sigma Pharmaceuticals Plc)
'15231911000001107,Fexofenadine 180mg tablets (Mylan)
'15232011000001100,Fexofenadine 180mg tablets (Mylan)
'16268711000001109,Telfast 180mg tablets (Lexon (UK) Ltd)
'16268911000001106,Telfast 180mg tablets (Lexon (UK) Ltd)
'17460311000001108,Telfast 180mg tablets (Mawdsley-Brooks & Company Ltd)
'17460411000001101,Telfast 180mg tablets (Mawdsley-Brooks & Company Ltd)
'17907611000001102,Fexofenadine 180mg tablets (Phoenix Healthcare Distribution Ltd)
'17907711000001106,Fexofenadine 180mg tablets (Phoenix Healthcare Distribution Ltd)
'18197211000001108,Telfast 180mg tablets (Necessity Supplies Ltd)
'18197511000001106,Telfast 180mg tablets (Necessity Supplies Ltd)
'18197311000001100,Telfast 180mg tablets (Necessity Supplies Ltd)
'18475311000001103,Fexofenadine 180mg tablets (Dr Reddy's Laboratories (UK) Ltd)
'18475411000001105,Fexofenadine 180mg tablets (Dr Reddy's Laboratories (UK) Ltd)
'21996011000001109,Fexofenadine 180mg tablets (Waymade Healthcare Plc)
'21996111000001105,Fexofenadine 180mg tablets (Waymade Healthcare Plc)
'23978211000001102,Fexofenadine 180mg tablets (DE Pharmaceuticals)
'23978311000001105,Fexofenadine 180mg tablets (DE Pharmaceuticals)
'36381211000001103,Fexofenadine 180mg tablets (Cipla EU Ltd)
'36381511000001100,Fexofenadine 180mg tablets (Cipla EU Ltd)
'35911911000001102,Brompheniramine 2mg/5ml oral solution
'981211000001108,Brompheniramine 2mg/5ml oral solution
'15811000001101,Dimotane 2mg/5ml elixir (Mercury Pharma Group Ltd)
'2006511000001108,Dimotane 2mg/5ml elixir (Mercury Pharma Group Ltd)
'134508009,Desloratadine 5mg tablets
'976911000001102,Desloratadine 5mg tablets
'10528111000001103,Desloratadine 5mg tablets
'69711000001105,Neoclarityn 5mg tablets (Merck Sharp & Dohme Ltd)
'2163211000001108,Neoclarityn 5mg tablets (Merck Sharp & Dohme Ltd)
'10528211000001109,Desloratadine 5mg tablets (Waymade Healthcare Plc)
'15170611000001106,Desloratadine 5mg tablets (Waymade Healthcare Plc)
'10528311000001101,Desloratadine 5mg tablets (Waymade Healthcare Plc)
'13157911000001107,Desloratadine 5mg tablets (Dowelhurst Ltd)
'13158011000001109,Desloratadine 5mg tablets (Dowelhurst Ltd)
'13863411000001105,Desloratadine 5mg tablets (DE Pharmaceuticals)
'13863511000001109,Desloratadine 5mg tablets (DE Pharmaceuticals)
'13936211000001101,Neoclarityn 5mg tablets (DE Pharmaceuticals)
'13936311000001109,Neoclarityn 5mg tablets (DE Pharmaceuticals)
'14224811000001108,Desloratadine 5mg tablets (Sigma Pharmaceuticals Plc)
'14225011000001103,Desloratadine 5mg tablets (Sigma Pharmaceuticals Plc)
'14224911000001103,Desloratadine 5mg tablets (Sigma Pharmaceuticals Plc)
'16255111000001108,Desloratadine 5mg tablets (Mawdsley-Brooks & Company Ltd)
'16255211000001102,Desloratadine 5mg tablets (Mawdsley-Brooks & Company Ltd)
'18203611000001102,Neoclarityn 5mg tablets (Mawdsley-Brooks & Company Ltd)
'18203711000001106,Neoclarityn 5mg tablets (Mawdsley-Brooks & Company Ltd)
'19625011000001100,Desloratadine 5mg tablets (Consilient Health Ltd)
'19625111000001104,Desloratadine 5mg tablets (Consilient Health Ltd)
'19668711000001102,Desloratadine 5mg tablets (A A H Pharmaceuticals Ltd)
'19668811000001105,Desloratadine 5mg tablets (A A H Pharmaceuticals Ltd)
'19794311000001104,Desloratadine 5mg tablets (Alliance Healthcare (Distribution) Ltd)
'19794411000001106,Desloratadine 5mg tablets (Alliance Healthcare (Distribution) Ltd)
'19957611000001100,Desloratadine 5mg tablets (Teva UK Ltd)
'19957711000001109,Desloratadine 5mg tablets (Teva UK Ltd)
'20175211000001108,Desloratadine 5mg tablets (Actavis UK Ltd)
'20175311000001100,Desloratadine 5mg tablets (Actavis UK Ltd)
'20468711000001103,Desloratadine 5mg tablets (Aspire Pharma Ltd)
'20468811000001106,Desloratadine 5mg tablets (Aspire Pharma Ltd)
'20569111000001101,Desloratadine 5mg tablets (Arrow Generics Ltd)
'20569211000001107,Desloratadine 5mg tablets (Arrow Generics Ltd)
'22048611000001104,Desloratadine 5mg tablets (Waymade Healthcare Plc)
'22048711000001108,Desloratadine 5mg tablets (Waymade Healthcare Plc)
'23653811000001108,Desloratadine 5mg tablets (Phoenix Healthcare Distribution Ltd)
'23653911000001103,Desloratadine 5mg tablets (Phoenix Healthcare Distribution Ltd)
'23967211000001108,Desloratadine 5mg tablets (DE Pharmaceuticals)
'23967411000001107,Desloratadine 5mg tablets (DE Pharmaceuticals)
'27974811000001101,Desloratadine 5mg tablets (Lupin Healthcare (UK) Ltd)
'27974911000001106,Desloratadine 5mg tablets (Lupin Healthcare (UK) Ltd)
'29801711000001102,Desloratadine 5mg tablets (Sigma Pharmaceuticals Plc)
'29801911000001100,Desloratadine 5mg tablets (Sigma Pharmaceuticals Plc)
'30020011000001101,Desloratadine 5mg tablets (Mawdsley-Brooks & Company Ltd)
'30020111000001100,Desloratadine 5mg tablets (Mawdsley-Brooks & Company Ltd)
'33581811000001107,Desloratadine 5mg tablets (Mylan)
'33581911000001102,Desloratadine 5mg tablets (Mylan)
'34107211000001107,Desloratadine 5mg tablets (Crescent Pharma Ltd)
'34107311000001104,Desloratadine 5mg tablets (Crescent Pharma Ltd)
'320831001,Mizolastine 10mg modified-release tablets
'1060511000001106,Mizolastine 10mg modified-release tablets
'699011000001101,Mistamine 10mg modified-release tablets (Galderma (UK) Ltd)
'2229311000001106,Mistamine 10mg modified-release tablets (Galderma (UK) Ltd)
'564311000001105,Mizollen 10mg modified-release tablets (Sanofi)
'2229411000001104,Mizollen 10mg modified-release tablets (Sanofi)
'320706009,Chlorphenamine 2mg/5ml oral solution
'1240211000001107,Chlorphenamine 2mg/5ml oral solution
'29311000001104,Piriton 2mg/5ml syrup (GlaxoSmithKline Consumer Healthcare)
'2353711000001100,Piriton 2mg/5ml syrup (GlaxoSmithKline Consumer Healthcare)
'320704007,Chlorphenamine 2mg/5ml oral solution sugar free
'1296211000001100,Chlorphenamine 2mg/5ml oral solution sugar free
'610211000001100,Chlorphenamine 2mg/5ml oral solution sugar free (A A H Pharmaceuticals Ltd)
'2353911000001103,Chlorphenamine 2mg/5ml oral solution sugar free (A A H Pharmaceuticals Ltd)
'304911000001107,Chlorphenamine 2mg/5ml oral solution sugar free (Kent Pharmaceuticals Ltd)
'2354011000001100,Chlorphenamine 2mg/5ml oral solution sugar free (Kent Pharmaceuticals Ltd)
'670311000001102,Chlorphenamine 2mg/5ml oral solution sugar free (Sandoz Ltd)
'2354111000001104,Chlorphenamine 2mg/5ml oral solution sugar free (Sandoz Ltd)
'676611000001109,Chlorphenamine 2mg/5ml oral solution sugar free (Alliance Healthcare (Distribution) Ltd)
'2354211000001105,Chlorphenamine 2mg/5ml oral solution sugar free (Alliance Healthcare (Distribution) Ltd)
'4735311000001109,Rhino-Syrup Allergy 2mg/5ml (AHA Sales Services Ltd)
'4735411000001102,Rhino-Syrup Allergy 2mg/5ml (AHA Sales Services Ltd)
'4735511000001103,Pollenase Allergy 2mg/5ml syrup (E M Pharma)
'4735611000001104,Pollenase Allergy 2mg/5ml syrup (E M Pharma)
'7958511000001105,Allerief 2mg/5ml oral solution (Crescent Pharma Ltd)
'7958611000001109,Allerief 2mg/5ml oral solution (Crescent Pharma Ltd)
'7986011000001108,Lloydspharmacy Allergy Relief 2mg/5ml syrup (Lloyds Pharmacy Ltd)
'7986211000001103,Lloydspharmacy Allergy Relief 2mg/5ml syrup (Lloyds Pharmacy Ltd)
'11430011000001104,Chlorphenamine 2mg/5ml oral solution sugar free (Teva UK Ltd)
'11430111000001103,Chlorphenamine 2mg/5ml oral solution sugar free (Teva UK Ltd)
'13667311000001100,Numark Antihistamine 2mg/5ml oral solution (Numark Ltd)
'13667411000001107,Numark Antihistamine 2mg/5ml oral solution (Numark Ltd)
'18094711000001100,Chlorphenamine 2mg/5ml oral solution sugar free (Phoenix Healthcare Distribution Ltd)
'18094911000001103,Chlorphenamine 2mg/5ml oral solution sugar free (Phoenix Healthcare Distribution Ltd)
'19742011000001100,Chlorphenamine 2mg/5ml oral solution sugar free (Almus Pharmaceuticals Ltd)
'19742111000001104,Chlorphenamine 2mg/5ml oral solution sugar free (Almus Pharmaceuticals Ltd)
'20533811000001101,Boots Allergy Relief 1 Year Plus Antihistamine 2mg/5ml syrup (The Boots Company Plc)
'20533911000001106,Boots Allergy Relief 1 Year Plus Antihistamine 2mg/5ml syrup (The Boots Company Plc)
'30013511000001108,Chlorphenamine 2mg/5ml oral solution sugar free (Mawdsley-Brooks & Company Ltd)
'30013611000001107,Chlorphenamine 2mg/5ml oral solution sugar free (Mawdsley-Brooks & Company Ltd)
'30942911000001109,Chlorphenamine 2mg/5ml oral solution sugar free (DE Pharmaceuticals)
'30943011000001101,Chlorphenamine 2mg/5ml oral solution sugar free (DE Pharmaceuticals)
'35062911000001101,Chlorphenamine 2mg/5ml oral solution sugar free (Dalkeith Laboratories Ltd)
'35063011000001109,Chlorphenamine 2mg/5ml oral solution sugar free (Dalkeith Laboratories Ltd)
'320777001,Promethazine 5mg/5ml oral solution sugar free
'1237411000001109,Promethazine 5mg/5ml oral solution sugar free
'134411000001102,Phenergan 5mg/5ml elixir (Sanofi)
'2355511000001109,Phenergan 5mg/5ml elixir (Sanofi)
'320775009,Promethazine hydrochloride 10mg tablets
'1280411000001102,Promethazine hydrochloride 10mg tablets
'7999711000001101,Promethazine hydrochloride 10mg tablets
'547211000001103,Phenergan 10mg tablets (Sanofi)
'2357411000001104,Phenergan 10mg tablets (Sanofi)
'21697311000001106,Promethazine hydrochloride 10mg tablets (Alliance Healthcare (Distribution) Ltd)
'28463611000001103,Promethazine hydrochloride 10mg tablets (Alliance Healthcare (Distribution) Ltd)
'21697411000001104,Promethazine hydrochloride 10mg tablets (Alliance Healthcare (Distribution) Ltd)
'28379011000001108,Promethazine hydrochloride 10mg tablets (A A H Pharmaceuticals Ltd)
'28379111000001109,Promethazine hydrochloride 10mg tablets (A A H Pharmaceuticals Ltd)
'30079911000001107,Promethazine hydrochloride 10mg tablets (DE Pharmaceuticals)
'30080011000001108,Promethazine hydrochloride 10mg tablets (DE Pharmaceuticals)
'32808511000001107,Promethazine hydrochloride 10mg tablets (Genesis Pharmaceuticals Ltd)
'32808611000001106,Promethazine hydrochloride 10mg tablets (Genesis Pharmaceuticals Ltd)
'320776005,Promethazine hydrochloride 25mg tablets
'1152811000001105,Promethazine hydrochloride 25mg tablets
'1280311000001109,Promethazine hydrochloride 25mg tablets
'8001511000001107,Promethazine hydrochloride 25mg tablets
'8001611000001106,Promethazine hydrochloride 25mg tablets
'227211000001108,Phenergan Nightime 25mg tablets (Sanofi)
'2357511000001100,Phenergan Nightime 25mg tablets (Sanofi)
'351811000001108,Phenergan 25mg tablets (Sanofi)
'2357611000001101,Phenergan 25mg tablets (Sanofi)
'19619311000001108,Phenergan 25mg tablets (DE Pharmaceuticals)
'19619411000001101,Phenergan 25mg tablets (DE Pharmaceuticals)
'19858911000001103,Phenergan 25mg tablets (Lexon (UK) Ltd)
'19859011000001107,Phenergan 25mg tablets (Lexon (UK) Ltd)
'35427811000001109,Promethazine hydrochloride 25mg tablets (A A H Pharmaceuticals Ltd)
'35427911000001104,Promethazine hydrochloride 25mg tablets (A A H Pharmaceuticals Ltd)
'35773011000001103,Promethazine hydrochloride 25mg tablets (Teva UK Ltd)
'35773111000001102,Promethazine hydrochloride 25mg tablets (Teva UK Ltd)
'36468711000001106,Promethazine hydrochloride 25mg tablets (Alliance Healthcare (Distribution) Ltd)
'36468811000001103,Promethazine hydrochloride 25mg tablets (Alliance Healthcare (Distribution) Ltd)
'320718000,Cyproheptadine 4mg tablets
'1316711000001103,Cyproheptadine 4mg tablets
'18763811000001109,Cyproheptadine 4mg tablets
'146411000001106,Periactin 4mg tablets (Teva UK Ltd)
'2357911000001107,Periactin 4mg tablets (Teva UK Ltd)
'18765411000001106,Cyproheptadine 4mg tablets (Special Order)
'18765511000001105,Cyproheptadine 4mg tablets (Special Order)
'320795003,Terfenadine 60mg tablets
'1300911000001102,Terfenadine 60mg tablets
'919711000001104,Terfenadine 60mg tablets (A A H Pharmaceuticals Ltd)
'2368811000001107,Terfenadine 60mg tablets (A A H Pharmaceuticals Ltd)
'631811000001101,Terfenadine 60mg tablets (Approved Prescription Services Ltd)
'2369011000001106,Terfenadine 60mg tablets (Approved Prescription Services Ltd)
'374411000001105,Terfenadine 60mg tablets (The Boots Company Plc)
'2369211000001101,Terfenadine 60mg tablets (The Boots Company Plc)
'3462411000001108,Pseudoephedrine 30mg/5ml oral solution sugar free
'1178911000001100,Pseudoephedrine 30mg/5ml oral solution sugar free
'1279211000001101,Pseudoephedrine 30mg/5ml oral solution sugar free
'8108711000001103,Pseudoephedrine 30mg/5ml oral solution sugar free
'321285002,Hydroxyzine 10mg tablets
'1184911000001103,Hydroxyzine 10mg tablets
'509211000001102,Atarax 10mg tablets (Alliance Pharmaceuticals Ltd)
'2387811000001106,Atarax 10mg tablets (Alliance Pharmaceuticals Ltd)
'34787611000001101,Hydroxyzine 10mg tablets (Creo Pharma Ltd)
'34787711000001105,Hydroxyzine 10mg tablets (Creo Pharma Ltd)
'34894411000001107,Hydroxyzine 10mg tablets (A A H Pharmaceuticals Ltd)
'34894511000001106,Hydroxyzine 10mg tablets (A A H Pharmaceuticals Ltd)
'34905911000001105,Hydroxyzine 10mg tablets (Alliance Healthcare (Distribution) Ltd)
'34906011000001102,Hydroxyzine 10mg tablets (Alliance Healthcare (Distribution) Ltd)
'321286001,Hydroxyzine 25mg tablets
'1153111000001109,Hydroxyzine 25mg tablets
'1241211000001101,Hydroxyzine 25mg tablets
'439511000001100,Atarax 25mg tablets (Alliance Pharmaceuticals Ltd)
'2388811000001105,Atarax 25mg tablets (Alliance Pharmaceuticals Ltd)
'864411000001102,Ucerax 25mg tablets (UCB Pharma Ltd)
'2389111000001105,Ucerax 25mg tablets (UCB Pharma Ltd)
'34788211000001104,Hydroxyzine 25mg tablets (Creo Pharma Ltd)
'34788311000001107,Hydroxyzine 25mg tablets (Creo Pharma Ltd)
'34894611000001105,Hydroxyzine 25mg tablets (A A H Pharmaceuticals Ltd)
'34894711000001101,Hydroxyzine 25mg tablets (A A H Pharmaceuticals Ltd)
'34906111000001101,Hydroxyzine 25mg tablets (Alliance Healthcare (Distribution) Ltd)
'34906211000001107,Hydroxyzine 25mg tablets (Alliance Healthcare (Distribution) Ltd)
'36043611000001106,Hydroxyzine 25mg tablets (Medreich Plc)
'36043711000001102,Hydroxyzine 25mg tablets (Medreich Plc)
'36057911000001106,Hydroxyzine 10mg/5ml oral solution
'967711000001108,Hydroxyzine 10mg/5ml oral solution
'34345111000001109,Hydroxyzine 10mg/5ml oral solution
'926111000001101,Ucerax 10mg/5ml syrup (UCB Pharma Ltd)
'2389811000001103,Ucerax 10mg/5ml syrup (UCB Pharma Ltd)
'34345211000001103,Hydroxyzine 10mg/5ml oral solution (Special Order)
'34345311000001106,Hydroxyzine 10mg/5ml oral solution (Special Order)
'320803005,Alimemazine 10mg tablets
'1297511000001100,Alimemazine 10mg tablets
'21508111000001104,Alimemazine 10mg tablets
'658211000001105,Vallergan 10mg tablets (Sanofi)
'2392911000001102,Vallergan 10mg tablets (Sanofi)
'16031911000001104,Alimemazine 10mg tablets (Zentiva)
'16032011000001106,Alimemazine 10mg tablets (Zentiva)
'16164711000001104,Alimemazine 10mg tablets (Alliance Healthcare (Distribution) Ltd)
'16164811000001107,Alimemazine 10mg tablets (Alliance Healthcare (Distribution) Ltd)
'16441511000001103,Alimemazine 10mg tablets (A A H Pharmaceuticals Ltd)
'16441611000001104,Alimemazine 10mg tablets (A A H Pharmaceuticals Ltd)
'19703111000001101,Alimemazine 10mg tablets (DE Pharmaceuticals)
'19703211000001107,Alimemazine 10mg tablets (DE Pharmaceuticals)
'22588011000001100,Alimemazine 10mg tablets (DE Pharmaceuticals)
'21262711000001108,Alimemazine 10mg tablets (Sigma Pharmaceuticals Plc)
'21262811000001100,Alimemazine 10mg tablets (Sigma Pharmaceuticals Plc)
'21508211000001105,Alimemazine 10mg tablets (Waymade Healthcare Plc)
'21508311000001102,Alimemazine 10mg tablets (Waymade Healthcare Plc)
'21838011000001107,Alimemazine 10mg tablets (Cubic Pharmaceuticals Ltd)
'21838111000001108,Alimemazine 10mg tablets (Cubic Pharmaceuticals Ltd)
'22200711000001106,Alimemazine 10mg tablets (Phoenix Healthcare Distribution Ltd)
'22200811000001103,Alimemazine 10mg tablets (Phoenix Healthcare Distribution Ltd)
'35896911000001100,Alimemazine 30mg/5ml oral solution
'1210311000001106,Alimemazine 30mg/5ml oral solution
'232611000001109,Vallergan Forte 30mg/5ml syrup (Sanofi)
'2393311000001108,Vallergan Forte 30mg/5ml syrup (Sanofi)
'16329911000001101,Vallergan Forte 30mg/5ml syrup (Lexon (UK) Ltd)
'16330011000001106,Vallergan Forte 30mg/5ml syrup (Lexon (UK) Ltd)
'16589211000001102,Alimemazine 30mg/5ml oral solution (Zentiva)
'16589311000001105,Alimemazine 30mg/5ml oral solution (Zentiva)
'16724511000001108,Alimemazine 30mg/5ml oral solution (Alliance Healthcare (Distribution) Ltd)
'16724611000001107,Alimemazine 30mg/5ml oral solution (Alliance Healthcare (Distribution) Ltd)
'16730111000001106,Alimemazine 30mg/5ml oral solution (A A H Pharmaceuticals Ltd)
'16730211000001100,Alimemazine 30mg/5ml oral solution (A A H Pharmaceuticals Ltd)
'17470711000001102,Vallergan Forte 30mg/5ml syrup (Mawdsley-Brooks & Company Ltd)
'17470811000001105,Vallergan Forte 30mg/5ml syrup (Mawdsley-Brooks & Company Ltd)
'22200511000001101,Alimemazine 30mg/5ml oral solution (Phoenix Healthcare Distribution Ltd)
'22200611000001102,Alimemazine 30mg/5ml oral solution (Phoenix Healthcare Distribution Ltd)
'30025711000001109,Alimemazine 30mg/5ml oral solution (DE Pharmaceuticals)
'30025811000001101,Alimemazine 30mg/5ml oral solution (DE Pharmaceuticals)
'35726211000001100,Alimemazine 30mg/5ml oral solution (Thame Laboratories Ltd)
'35726311000001108,Alimemazine 30mg/5ml oral solution (Thame Laboratories Ltd)
'35897011000001101,Alimemazine 7.5mg/5ml oral solution
'1279611000001104,Alimemazine 7.5mg/5ml oral solution
'445611000001100,Vallergan 7.5mg/5ml syrup (Sanofi)
'2395011000001106,Vallergan 7.5mg/5ml syrup (Sanofi)
'16589411000001103,Alimemazine 7.5mg/5ml oral solution (Zentiva)
'16589511000001104,Alimemazine 7.5mg/5ml oral solution (Zentiva)
'16724311000001102,Alimemazine 7.5mg/5ml oral solution (Alliance Healthcare (Distribution) Ltd)
'16724411000001109,Alimemazine 7.5mg/5ml oral solution (Alliance Healthcare (Distribution) Ltd)
'16729911000001100,Alimemazine 7.5mg/5ml oral solution (A A H Pharmaceuticals Ltd)
'16730011000001105,Alimemazine 7.5mg/5ml oral solution (A A H Pharmaceuticals Ltd)
'22200311000001107,Alimemazine 7.5mg/5ml oral solution (Phoenix Healthcare Distribution Ltd)
'22200411000001100,Alimemazine 7.5mg/5ml oral solution (Phoenix Healthcare Distribution Ltd)
'22587811000001107,Alimemazine 7.5mg/5ml oral solution (DE Pharmaceuticals)
'22587911000001102,Alimemazine 7.5mg/5ml oral solution (DE Pharmaceuticals)
'35726011000001105,Alimemazine 7.5mg/5ml oral solution (Thame Laboratories Ltd)
'35726111000001106,Alimemazine 7.5mg/5ml oral solution (Thame Laboratories Ltd)
'377470000,Pseudoephedrine 60mg / Acrivastine 8mg capsules
'1258111000001102,Pseudoephedrine 60mg / Acrivastine 8mg capsules
'1149311000001106,Pseudoephedrine 60mg / Acrivastine 8mg capsules
'875411000001108,Benadryl Allergy Relief Plus Decongestant capsules (McNeil Products Ltd)
'2406611000001101,Benadryl Allergy Relief Plus Decongestant capsules (McNeil Products Ltd)
'2406711000001105,Benadryl Allergy Relief Plus Decongestant capsules (McNeil Products Ltd)
'377572005,Pseudoephedrine hydrochloride 60mg / Triprolidine 2.5mg tablets
'954111000001109,Pseudoephedrine hydrochloride 60mg / Triprolidine 2.5mg tablets
'1227311000001100,Pseudoephedrine hydrochloride 60mg / Triprolidine 2.5mg tablets
'3462311000001101,Pseudoephedrine 30mg/5ml / Triprolidine 1.25mg/5ml oral solution
'1218411000001101,Pseudoephedrine 30mg/5ml / Triprolidine 1.25mg/5ml oral solution
'1126511000001107,Pseudoephedrine 30mg/5ml / Triprolidine 1.25mg/5ml oral solution
'3462211000001109,Pseudoephedrine 30mg/5ml / Chlorphenamine 2mg/5ml oral solution sugar free
'1036411000001100,Pseudoephedrine 30mg/5ml / Chlorphenamine 2mg/5ml oral solution sugar free
'3462011000001104,Pseudoephedrine 15mg/5ml / Brompheniramine 2mg/5ml oral solution sugar free
'1133611000001102,Pseudoephedrine 15mg/5ml / Brompheniramine 2mg/5ml oral solution sugar free
'107111000001105,Dimotane Plus Paediatric elixir (Mercury Pharma Group Ltd)
'2430111000001100,Dimotane Plus Paediatric elixir (Mercury Pharma Group Ltd)
'3462111000001103,Pseudoephedrine 30mg/5ml / Brompheniramine 4mg/5ml oral solution sugar free
'1139411000001103,Pseudoephedrine 30mg/5ml / Brompheniramine 4mg/5ml oral solution sugar free
'53011000001104,Dimotane Plus oral solution (Mercury Pharma Group Ltd)
'2451811000001103,Dimotane Plus oral solution (Mercury Pharma Group Ltd)
'35933511000001100,Pseudoephedrine 30mg/5ml oral solution
'1317311000001104,Pseudoephedrine 30mg/5ml oral solution
'1242611000001105,Pseudoephedrine 30mg/5ml oral solution
'15212711000001107,Pseudoephedrine 30mg/5ml oral solution
'321080004,Pseudoephedrine hydrochloride 60mg tablets
'991911000001100,Pseudoephedrine hydrochloride 60mg tablets
'1032011000001105,Pseudoephedrine hydrochloride 60mg tablets
'1190111000001106,Pseudoephedrine hydrochloride 60mg tablets
'1293611000001109,Pseudoephedrine hydrochloride 60mg tablets
'5417011000001107,Pseudoephedrine hydrochloride 60mg tablets
'320730006,Diphenhydramine 50mg tablets
'1145011000001106,Diphenhydramine 50mg tablets
'7909911000001102,Diphenhydramine 50mg tablets
'798211000001106,Nytol One-A-Night 50mg tablets (Omega Pharma Ltd)
'2567711000001103,Nytol One-A-Night 50mg tablets (Omega Pharma Ltd)
'23715311000001103,Nytol One-A-Night 50mg tablets (Omega Pharma Ltd)
'7910411000001103,Lloydspharmacy Extra Strength Sleep Aid 50mg tablets (Lloyds Pharmacy Ltd)
'7910611000001100,Lloydspharmacy Extra Strength Sleep Aid 50mg tablets (Lloyds Pharmacy Ltd)
'9105111000001107,Sleepeaze 50mg tablets (The Boots Company Plc)
'9105211000001101,Sleepeaze 50mg tablets (The Boots Company Plc)
'17303311000001106,Galpharm One a Night Nightcalm 50mg tablets (Galpharm International Ltd)
'17303511000001100,Galpharm One a Night Nightcalm 50mg tablets (Galpharm International Ltd)
'24587111000001106,Numark Night Time Sleep Aid 50mg tablets (Numark Ltd)
'24587211000001100,Numark Night Time Sleep Aid 50mg tablets (Numark Ltd)
'29000511000001101,Diphenhydramine 50mg tablets (Colorama Pharmaceuticals Ltd)
'29000611000001102,Diphenhydramine 50mg tablets (Colorama Pharmaceuticals Ltd)
'29002911000001107,Diphenhydramine 50mg tablets (Crescent Pharma Ltd)
'29003011000001104,Diphenhydramine 50mg tablets (Crescent Pharma Ltd)
'30927411000001101,Diphenhydramine 50mg tablets (DE Pharmaceuticals)
'30927511000001102,Diphenhydramine 50mg tablets (DE Pharmaceuticals)
'31991011000001101,Diphenhydramine 50mg tablets (Ennogen Healthcare Ltd)
'31991111000001100,Diphenhydramine 50mg tablets (Ennogen Healthcare Ltd)
'34674611000001106,Lunox Max Strength Sleep Aid 50mg tablets (Crescent Pharma Ltd)
'34674911000001100,Lunox Max Strength Sleep Aid 50mg tablets (Crescent Pharma Ltd)
'3344611000001102,Desloratadine 2.5mg/5ml oral solution
'1163411000001106,Desloratadine 2.5mg/5ml oral solution
'11765411000001102,Desloratadine 2.5mg/5ml oral solution
'282711000001107,Neoclarityn 2.5mg/5ml syrup (Schering-Plough Ltd)
'2646911000001103,Neoclarityn 2.5mg/5ml syrup (Schering-Plough Ltd)
'10497811000001105,Desloratadine 2.5mg/5ml oral solution (Dowelhurst Ltd)
'10498011000001103,Desloratadine 2.5mg/5ml oral solution (Dowelhurst Ltd)
'10843711000001107,Desloratadine 2.5mg/5ml oral solution (Waymade Healthcare Plc)
'10843811000001104,Desloratadine 2.5mg/5ml oral solution (Waymade Healthcare Plc)
'11765511000001103,Desloratadine 2.5mg/5ml oral solution (Waymade Healthcare Plc)
'13863611000001108,Desloratadine 2.5mg/5ml oral solution (DE Pharmaceuticals)
'13863711000001104,Desloratadine 2.5mg/5ml oral solution (DE Pharmaceuticals)
'14225111000001102,Desloratadine 2.5mg/5ml oral solution (Sigma Pharmaceuticals Plc)
'14225211000001108,Desloratadine 2.5mg/5ml oral solution (Sigma Pharmaceuticals Plc)
'14338411000001105,Neoclarityn 2.5mg/5ml syrup (Sigma Pharmaceuticals Plc)
'14338811000001107,Neoclarityn 2.5mg/5ml syrup (Sigma Pharmaceuticals Plc)
'320814008,Acrivastine 8mg capsules
'2935111000001105,Acrivastine 8mg capsules
'2935211000001104,Acrivastine 8mg capsules
'2935311000001107,Acrivastine 8mg capsules
'36868911000001102,Acrivastine 8mg capsules
'2936511000001108,Semprex 8mg capsules (GlaxoSmithKline UK Ltd)
'2936711000001103,Semprex 8mg capsules (GlaxoSmithKline UK Ltd)
'2937311000001104,Benadryl Allergy Relief 8mg capsules (McNeil Products Ltd)
'2937511000001105,Benadryl Allergy Relief 8mg capsules (McNeil Products Ltd)
'2937611000001109,Benadryl Allergy Relief 8mg capsules (McNeil Products Ltd)
'36869011000001106,Benadryl Allergy Relief 8mg capsules (McNeil Products Ltd)
'322157007,Promethazine teoclate 25mg tablets
'3231511000001109,Promethazine teoclate 25mg tablets
'3231611000001108,Promethazine teoclate 25mg tablets
'320822001,Loratadine 10mg tablets
'3325711000001107,Loratadine 10mg tablets
'3325811000001104,Loratadine 10mg tablets
'3325911000001109,Loratadine 10mg tablets
'5385711000001107,Loratadine 10mg tablets
'5385811000001104,Loratadine 10mg tablets
'5455811000001103,Loratadine 10mg tablets
'18746711000001101,Loratadine 10mg tablets
'3326111000001100,Clarityn Allergy 10mg tablets (Bayer Plc)
'10304111000001102,Clarityn Allergy 10mg tablets (Bayer Plc)
'3326211000001106,Clarityn Allergy 10mg tablets (Bayer Plc)
'3326411000001105,Clarityn Allergy 10mg tablets (Bayer Plc)
'20983211000001103,Clarityn Allergy 10mg tablets (Bayer Plc)
'23945811000001106,Clarityn Allergy 10mg tablets (Bayer Plc)
'3326511000001109,Loratadine 10mg tablets (Actavis UK Ltd)
'3326711000001104,Loratadine 10mg tablets (Actavis UK Ltd)
'3326611000001108,Loratadine 10mg tablets (Actavis UK Ltd)
'3326811000001107,Loratadine 10mg tablets (Teva UK Ltd)
'3326911000001102,Loratadine 10mg tablets (Teva UK Ltd)
'3327011000001103,Loratadine 10mg tablets (Sandoz Ltd)
'3327111000001102,Loratadine 10mg tablets (Sandoz Ltd)
'3327211000001108,Loratadine 10mg tablets (Zentiva)
'3327311000001100,Loratadine 10mg tablets (Zentiva)
'4144211000001107,Loratadine 10mg tablets (Zentiva)
'3327411000001107,Loratadine 10mg tablets (Mylan)
'3327511000001106,Loratadine 10mg tablets (Mylan)
'3656011000001107,Loratadine 10mg tablets (A A H Pharmaceuticals Ltd)
'3656111000001108,Loratadine 10mg tablets (A A H Pharmaceuticals Ltd)
'3996211000001105,Loratadine 10mg tablets (A A H Pharmaceuticals Ltd)
'3698911000001101,Loratadine 10mg tablets (Alliance Healthcare (Distribution) Ltd)
'3699111000001106,Loratadine 10mg tablets (Alliance Healthcare (Distribution) Ltd)
'4008011000001109,Loratadine 10mg tablets (Kent Pharmaceuticals Ltd)
'4008111000001105,Loratadine 10mg tablets (Kent Pharmaceuticals Ltd)
'15254111000001106,Loratadine 10mg tablets (Kent Pharmaceuticals Ltd)
'5385611000001103,Loratadine 10mg tablets (Waymade Healthcare Plc)
'5385911000001109,Loratadine 10mg tablets (Waymade Healthcare Plc)
'5386011000001101,Loratadine 10mg tablets (Waymade Healthcare Plc)
'5455711000001106,Loratadine 10mg tablets (Dowelhurst Ltd)
'10495011000001106,Loratadine 10mg tablets (Dowelhurst Ltd)
'5455911000001108,Loratadine 10mg tablets (Dowelhurst Ltd)
'7459511000001102,Loratadine 10mg tablets (Ranbaxy (UK) Ltd)
'7459711000001107,Loratadine 10mg tablets (Ranbaxy (UK) Ltd)
'7908511000001103,Lloydspharmacy Non-Drowsy Allergy Relief 10mg tablets (Lloyds Pharmacy Ltd)
'7908711000001108,Lloydspharmacy Non-Drowsy Allergy Relief 10mg tablets (Lloyds Pharmacy Ltd)
'8969911000001107,Hay-Rite Allergy 10mg tablets (Teva UK Ltd)
'8970011000001106,Hay-Rite Allergy 10mg tablets (Teva UK Ltd)
'8980511000001106,Galpharm Non-Drowsy Hayfever and Allergy Relief 10mg tablets (Galpharm International Ltd)
'8980611000001105,Galpharm Non-Drowsy Hayfever and Allergy Relief 10mg tablets (Galpharm International Ltd)
'18746811000001109,Galpharm Non-Drowsy Hayfever and Allergy Relief 10mg tablets (Galpharm International Ltd)
'9463211000001100,Galpharm Non-Drowsy Allergy Relief 10mg tablets (Galpharm International Ltd)
'9463311000001108,Galpharm Non-Drowsy Allergy Relief 10mg tablets (Galpharm International Ltd)
'11016311000001102,Loratadine 10mg tablets (Dr Reddy's Laboratories (UK) Ltd)
'11016411000001109,Loratadine 10mg tablets (Dr Reddy's Laboratories (UK) Ltd)
'15108411000001104,Loratadine 10mg tablets (Sigma Pharmaceuticals Plc)
'15108511000001100,Loratadine 10mg tablets (Sigma Pharmaceuticals Plc)
'29894111000001102,Loratadine 10mg tablets (Sigma Pharmaceuticals Plc)
'17203611000001109,Loratadine 10mg tablets (Sovereign Medical Ltd)
'17203711000001100,Loratadine 10mg tablets (Sovereign Medical Ltd)
'17844111000001100,Boots One A Day Allergy Relief 10mg tablets (The Boots Company Plc)
'31013411000001102,Boots One A Day Allergy Relief 10mg tablets (The Boots Company Plc)
'17844211000001106,Boots One A Day Allergy Relief 10mg tablets (The Boots Company Plc)
'17938211000001107,Loratadine 10mg tablets (Phoenix Healthcare Distribution Ltd)
'17938311000001104,Loratadine 10mg tablets (Phoenix Healthcare Distribution Ltd)
'19742511000001108,Loratadine 10mg tablets (Almus Pharmaceuticals Ltd)
'19742611000001107,Loratadine 10mg tablets (Almus Pharmaceuticals Ltd)
'22486711000001109,Roletra 10mg tablets (Ranbaxy (UK) Ltd)
'22486811000001101,Roletra 10mg tablets (Ranbaxy (UK) Ltd)
'22650711000001104,Numark Allergy & Hayfever 10mg tablets (Numark Ltd)
'22650911000001102,Numark Allergy & Hayfever 10mg tablets (Numark Ltd)
'22651011000001105,Numark Allergy & Hayfever 10mg tablets (Numark Ltd)
'22650811000001107,Numark Allergy & Hayfever 10mg tablets (Numark Ltd)
'22651111000001106,Numark Allergy & Hayfever 10mg tablets (Numark Ltd)
'23598711000001106,Loratadine 10mg tablets (Waymade Healthcare Plc)
'23598811000001103,Loratadine 10mg tablets (Waymade Healthcare Plc)
'24370211000001109,Loratadine 10mg tablets (DE Pharmaceuticals)
'24370311000001101,Loratadine 10mg tablets (DE Pharmaceuticals)
'30222611000001102,Loratadine 10mg tablets (Mawdsley-Brooks & Company Ltd)
'30222711000001106,Loratadine 10mg tablets (Mawdsley-Brooks & Company Ltd)
'30222811000001103,Loratadine 10mg tablets (Mawdsley-Brooks & Company Ltd)
'32466011000001109,"Loratadine 10mg tablets (Bell,Sons & Co (Druggists) Ltd)"
'32466311000001107,"Loratadine 10mg tablets (Bell,Sons & Co (Druggists) Ltd)"
'36836811000001103,Loratadine 10mg tablets (Torrent Pharma (UK) Ltd)
'36836911000001108,Loratadine 10mg tablets (Torrent Pharma (UK) Ltd)
'320824000,Loratadine 5mg/5ml oral solution
'3327611000001105,Loratadine 5mg/5ml oral solution
'3327711000001101,Loratadine 5mg/5ml oral solution
'5349611000001107,Loratadine 5mg/5ml oral solution
'22170311000001102,Loratadine 5mg/5ml oral solution
'3327811000001109,Clarityn 5mg/5ml syrup (Schering-Plough Ltd)
'3327911000001104,Clarityn 5mg/5ml syrup (Schering-Plough Ltd)
'3328011000001102,Clarityn Allergy 5mg/5ml syrup (Bayer Plc)
'5034211000001108,Clarityn Allergy 5mg/5ml syrup (Bayer Plc)
'3328111000001101,Clarityn Allergy 5mg/5ml syrup (Bayer Plc)
'22170911000001101,Clarityn Allergy 5mg/5ml syrup (Bayer Plc)
'4116511000001108,Loratadine 5mg/5ml oral solution (Actavis UK Ltd)
'4116611000001107,Loratadine 5mg/5ml oral solution (Actavis UK Ltd)
'4745711000001109,Loratadine 5mg/5ml oral solution (A A H Pharmaceuticals Ltd)
'4745911000001106,Loratadine 5mg/5ml oral solution (A A H Pharmaceuticals Ltd)
'8934211000001106,Loratadine 5mg/5ml oral solution (A A H Pharmaceuticals Ltd)
'4868711000001109,Loratadine 5mg/5ml oral solution (Teva UK Ltd)
'4868811000001101,Loratadine 5mg/5ml oral solution (Teva UK Ltd)
'5349711000001103,Clarityn 5mg/5ml syrup (Waymade Healthcare Plc)
'5349811000001106,Clarityn 5mg/5ml syrup (Waymade Healthcare Plc)
'5349911000001101,Clarityn 5mg/5ml syrup (Waymade Healthcare Plc)
'5457011000001102,Loratadine 5mg/5ml oral solution (Dowelhurst Ltd)
'5457111000001101,Loratadine 5mg/5ml oral solution (Dowelhurst Ltd)
'7379911000001104,Loratadine 5mg/5ml oral solution (Kent Pharmaceuticals Ltd)
'7380011000001103,Loratadine 5mg/5ml oral solution (Kent Pharmaceuticals Ltd)
'7974911000001108,Loratadine 5mg/5ml oral solution (Mylan)
'13437311000001109,Loratadine 5mg/5ml oral solution (Mylan)
'7975011000001108,Loratadine 5mg/5ml oral solution (Mylan)
'9192511000001107,Loratadine 5mg/5ml oral solution (Sandoz Ltd)
'9192611000001106,Loratadine 5mg/5ml oral solution (Sandoz Ltd)
'9343411000001100,Loratadine 5mg/5ml oral solution (Alliance Healthcare (Distribution) Ltd)
'15378111000001109,Loratadine 5mg/5ml oral solution (Alliance Healthcare (Distribution) Ltd)
'9343511000001101,Loratadine 5mg/5ml oral solution (Alliance Healthcare (Distribution) Ltd)
'13624511000001105,Loratadine 5mg/5ml oral solution (Pinewood Healthcare)
'13624611000001109,Loratadine 5mg/5ml oral solution (Pinewood Healthcare)
'15108611000001101,Loratadine 5mg/5ml oral solution (Sigma Pharmaceuticals Plc)
'15108711000001105,Loratadine 5mg/5ml oral solution (Sigma Pharmaceuticals Plc)
'18139311000001104,Loratadine 5mg/5ml oral solution (Phoenix Healthcare Distribution Ltd)
'18139411000001106,Loratadine 5mg/5ml oral solution (Phoenix Healthcare Distribution Ltd)
'22073611000001105,Loratadine 5mg/5ml oral solution (Waymade Healthcare Plc)
'22073711000001101,Loratadine 5mg/5ml oral solution (Waymade Healthcare Plc)
'24370011000001104,Loratadine 5mg/5ml oral solution (DE Pharmaceuticals)
'24370111000001103,Loratadine 5mg/5ml oral solution (DE Pharmaceuticals)
'30222411000001100,Loratadine 5mg/5ml oral solution (Mawdsley-Brooks & Company Ltd)
'30222511000001101,Loratadine 5mg/5ml oral solution (Mawdsley-Brooks & Company Ltd)
'33736411000001105,Lorapaed Allergy Relief 5mg/5ml oral solution (Pinewood Healthcare)
'33736511000001109,Lorapaed Allergy Relief 5mg/5ml oral solution (Pinewood Healthcare)
'320726008,Diphenhydramine 25mg tablets
'3378611000001108,Diphenhydramine 25mg tablets
'3378711000001104,Diphenhydramine 25mg tablets
'3378911000001102,Diphenhydramine 25mg tablets
'3379111000001107,Nightcalm 25mg tablets (Galpharm International Ltd)
'3379311000001109,Nightcalm 25mg tablets (Galpharm International Ltd)
'3379711000001108,Nytol 25mg tablets (Omega Pharma Ltd)
'23715211000001106,Nytol 25mg tablets (Omega Pharma Ltd)
'3379811000001100,Nytol 25mg tablets (Omega Pharma Ltd)
'3380211000001101,Histergan 25mg tablets (Norma Chemicals Ltd)
'8963711000001107,Histergan 25mg tablets (Norma Chemicals Ltd)
'3380311000001109,Histergan 25mg tablets (Norma Chemicals Ltd)
'3380611000001104,Dreemon 25mg tablets (E M Pharma)
'3380711000001108,Dreemon 25mg tablets (E M Pharma)
'9626511000001102,Care Night Time Sleep Aid 25mg tablets (Thornton & Ross Ltd)
'9626611000001103,Care Night Time Sleep Aid 25mg tablets (Thornton & Ross Ltd)
'10185611000001101,Numark Night Time Sleep Aid 25mg tablets (Numark Ltd)
'10185711000001105,Numark Night Time Sleep Aid 25mg tablets (Numark Ltd)
'15364911000001106,Paxidorm 25mg tablets (Norma Chemicals Ltd)
'15365011000001106,Paxidorm 25mg tablets (Norma Chemicals Ltd)
'18042811000001106,Sleepeaze 25mg tablets (The Boots Company Plc)
'18042911000001101,Sleepeaze 25mg tablets (The Boots Company Plc)
'29000311000001107,Diphenhydramine 25mg tablets (Colorama Pharmaceuticals Ltd)
'29000411000001100,Diphenhydramine 25mg tablets (Colorama Pharmaceuticals Ltd)
'29002711000001105,Diphenhydramine 25mg tablets (Crescent Pharma Ltd)
'29002811000001102,Diphenhydramine 25mg tablets (Crescent Pharma Ltd)
'30927211000001100,Diphenhydramine 25mg tablets (DE Pharmaceuticals)
'30927311000001108,Diphenhydramine 25mg tablets (DE Pharmaceuticals)
'31990511000001102,Diphenhydramine 25mg tablets (Ennogen Healthcare Ltd)
'31990611000001103,Diphenhydramine 25mg tablets (Ennogen Healthcare Ltd)
'34156711000001108,Lunox Sleep Aid 25mg tablets (Crescent Pharma Ltd)
'34156811000001100,Lunox Sleep Aid 25mg tablets (Crescent Pharma Ltd)
'34511211000001106,Sleep Aid 25mg tablets (Tor Generics Ltd)
'34511311000001103,Sleep Aid 25mg tablets (Tor Generics Ltd)
'35933411000001104,Pseudoephedrine 120mg modified-release tablets
'3408911000001101,Pseudoephedrine 120mg modified-release tablets
'3409111000001106,Pseudoephedrine 120mg modified-release tablets
'408616003,Levocetirizine 5mg tablets
'3603111000001105,Levocetirizine 5mg tablets
'36588611000001107,Levocetirizine 5mg tablets
'3603411000001100,Xyzal 5mg tablets (UCB Pharma Ltd)
'3603611000001102,Xyzal 5mg tablets (UCB Pharma Ltd)
'10484311000001106,Xyzal 5mg tablets (Waymade Healthcare Plc)
'10484511000001100,Xyzal 5mg tablets (Waymade Healthcare Plc)
'13980111000001102,Xyzal 5mg tablets (DE Pharmaceuticals)
'13980211000001108,Xyzal 5mg tablets (DE Pharmaceuticals)
'14959311000001101,Levocetirizine 5mg tablets (Teva UK Ltd)
'14959411000001108,Levocetirizine 5mg tablets (Teva UK Ltd)
'15150911000001102,Levocetirizine 5mg tablets (A A H Pharmaceuticals Ltd)
'15151011000001105,Levocetirizine 5mg tablets (A A H Pharmaceuticals Ltd)
'15473111000001106,Levocetirizine 5mg tablets (Alliance Healthcare (Distribution) Ltd)
'15473211000001100,Levocetirizine 5mg tablets (Alliance Healthcare (Distribution) Ltd)
'17217511000001103,Levocetirizine 5mg tablets (Consilient Health Ltd)
'17217611000001104,Levocetirizine 5mg tablets (Consilient Health Ltd)
'17477611000001105,Xyzal 5mg tablets (Mawdsley-Brooks & Company Ltd)
'17477711000001101,Xyzal 5mg tablets (Mawdsley-Brooks & Company Ltd)
'17935711000001107,Levocetirizine 5mg tablets (Phoenix Healthcare Distribution Ltd)
'17935811000001104,Levocetirizine 5mg tablets (Phoenix Healthcare Distribution Ltd)
'21288711000001108,Levocetirizine 5mg tablets (Actavis UK Ltd)
'21288811000001100,Levocetirizine 5mg tablets (Actavis UK Ltd)
'22065811000001102,Levocetirizine 5mg tablets (Waymade Healthcare Plc)
'22065911000001107,Levocetirizine 5mg tablets (Waymade Healthcare Plc)
'22703711000001106,Levocetirizine 5mg tablets (Aspire Pharma Ltd)
'22703811000001103,Levocetirizine 5mg tablets (Aspire Pharma Ltd)
'24111411000001101,Levocetirizine 5mg tablets (Somex Pharma)
'24111511000001102,Levocetirizine 5mg tablets (Somex Pharma)
'24366011000001108,Levocetirizine 5mg tablets (DE Pharmaceuticals)
'24366111000001109,Levocetirizine 5mg tablets (DE Pharmaceuticals)
'29886511000001104,Levocetirizine 5mg tablets (Sigma Pharmaceuticals Plc)
'29886611000001100,Levocetirizine 5mg tablets (Sigma Pharmaceuticals Plc)
'30220011000001105,Levocetirizine 5mg tablets (Mawdsley-Brooks & Company Ltd)
'30220111000001106,Levocetirizine 5mg tablets (Mawdsley-Brooks & Company Ltd)
'32415911000001100,Levocetirizine 5mg tablets (Kent Pharmaceuticals Ltd)
'32416011000001108,Levocetirizine 5mg tablets (Kent Pharmaceuticals Ltd)
'33041011000001107,Levocetirizine 5mg tablets (Genesis Pharmaceuticals Ltd)
'33041111000001108,Levocetirizine 5mg tablets (Genesis Pharmaceuticals Ltd)
'33593211000001106,Levocetirizine 5mg tablets (Mylan)
'33593411000001105,Levocetirizine 5mg tablets (Mylan)
'36588511000001108,Levocetirizine 5mg tablets (Bristol Laboratories Ltd)
'36588711000001103,Levocetirizine 5mg tablets (Bristol Laboratories Ltd)
'320713009,Clemastine 1mg tablets
'3650011000001109,Clemastine 1mg tablets
'3650211000001104,Tavegil 1mg tablets (GlaxoSmithKline Consumer Healthcare)
'3650411000001100,Tavegil 1mg tablets (GlaxoSmithKline Consumer Healthcare)
'320714003,Clemastine 500micrograms/5ml oral solution sugar free
'3650711000001106,Clemastine 500micrograms/5ml oral solution sugar free
'3650911000001108,Tavegil 500micrograms/5ml elixir (Novartis Consumer Health UK Ltd)
'3651011000001100,Tavegil 500micrograms/5ml elixir (Novartis Consumer Health UK Ltd)
'3766111000001109,Ephedrine hydrochloride 15mg / Chlorphenamine 10mg tablets
'3759611000001102,Ephedrine hydrochloride 15mg / Chlorphenamine 10mg tablets
'3759711000001106,Ephedrine hydrochloride 15mg / Chlorphenamine 10mg tablets
'320667005,Ketotifen 1mg tablets
'3777511000001106,Ketotifen 1mg tablets
'3777611000001105,Zaditen 1mg tablets (CD Pharma Srl)
'3777711000001101,Zaditen 1mg tablets (CD Pharma Srl)
'14764911000001101,Zaditen 1mg tablets (Sigma Pharmaceuticals Plc)
'14765011000001101,Zaditen 1mg tablets (Sigma Pharmaceuticals Plc)
'4018811000001101,Pholcodine 1.5mg/5ml / Promethazine 1.5mg/5ml oral solution sugar free
'3985511000001102,Pholcodine 1.5mg/5ml / Promethazine 1.5mg/5ml oral solution sugar free
'4030411000001107,Paracetamol 120mg/5ml / Diphenhydramine 12.5mg/5ml oral solution
'4014311000001100,Paracetamol 120mg/5ml / Diphenhydramine 12.5mg/5ml oral solution
'7418911000001106,Paracetamol 120mg/5ml / Diphenhydramine 12.5mg/5ml oral solution
'4030311000001100,Ketotifen 1mg/5ml oral solution sugar free
'4027511000001108,Ketotifen 1mg/5ml oral solution sugar free
'4027611000001107,Zaditen 1mg/5ml elixir (CD Pharma Srl)
'4027811000001106,Zaditen 1mg/5ml elixir (CD Pharma Srl)
'348476002,Promethazine hydrochloride 20mg tablets
'4214511000001100,Promethazine hydrochloride 20mg tablets
'10899811000001108,Promethazine hydrochloride 20mg tablets
'4214611000001101,Sominex 20mg tablets (Teva UK Ltd)
'4214711000001105,Sominex 20mg tablets (Teva UK Ltd)
'10899911000001103,Sominex 20mg tablets (Teva UK Ltd)
'4367511000001100,Guaifenesin 100mg/5ml / Pseudoephedrine 30mg/5ml oral solution
'4366611000001103,Guaifenesin 100mg/5ml / Pseudoephedrine 30mg/5ml oral solution
'4685711000001109,Guaifenesin 100mg/5ml / Pseudoephedrine 30mg/5ml oral solution
'17854111000001102,Guaifenesin 100mg/5ml / Pseudoephedrine 30mg/5ml oral solution
'4427511000001104,Meclozine 12.5mg tablets
'4398911000001106,Meclozine 12.5mg tablets
'4482111000001104,Generic Benadryl Skin Allergy Relief lotion
'4480011000001104,Generic Benadryl Skin Allergy Relief lotion
'4480111000001103,Benadryl Skin Allergy Relief lotion (Pfizer Consumer Healthcare Ltd)
'4480211000001109,Benadryl Skin Allergy Relief lotion (Pfizer Consumer Healthcare Ltd)
'4504111000001102,Diphenhydramine 10mg/5ml / Dextromethorphan 6.65mg/5ml oral solution sugar free
'4485511000001102,Diphenhydramine 10mg/5ml / Dextromethorphan 6.65mg/5ml oral solution sugar free
'322377005,Paracetamol 500mg / Diphenhydramine 25mg tablets
'4490211000001108,Paracetamol 500mg / Diphenhydramine 25mg tablets
'4490311000001100,Paracetamol 500mg / Diphenhydramine 25mg tablets
'4903811000001102,Paracetamol 500mg / Diphenhydramine 25mg tablets
'13544811000001104,Paracetamol 500mg / Diphenhydramine 25mg tablets
'4903911000001107,Paracetamol 500mg / Diphenhydramine 25mg tablets (McNeil Products Ltd)
'4904011000001105,Paracetamol 500mg / Diphenhydramine 25mg tablets (McNeil Products Ltd)
'13546111000001104,Paracetamol 500mg / Diphenhydramine 25mg tablets (McNeil Products Ltd)
'4508311000001105,Pseudoephedrine 22.5mg/5ml / Diphenhydramine 12.5mg/5ml oral solution sugar free
'4504811000001109,Pseudoephedrine 22.5mg/5ml / Diphenhydramine 12.5mg/5ml oral solution sugar free
'4504911000001104,Tixycolds syrup sugar free (Novartis Consumer Health UK Ltd)
'4505011000001104,Tixycolds syrup sugar free (Novartis Consumer Health UK Ltd)
'35905911000001102,Azatadine 500micrograms/5ml oral solution
'4535111000001108,Azatadine 500micrograms/5ml oral solution
'4535411000001103,Optimine 500micrograms/5ml syrup (Schering-Plough Ltd)
'4535511000001104,Optimine 500micrograms/5ml syrup (Schering-Plough Ltd)
'320666001,Ketotifen 1mg capsules
'4540211000001107,Ketotifen 1mg capsules
'5493911000001101,Ketotifen 1mg capsules
'4540511000001105,Zaditen 1mg capsules (Novartis Pharmaceuticals UK Ltd)
'4540611000001109,Zaditen 1mg capsules (Novartis Pharmaceuticals UK Ltd)
'5494011000001103,Zaditen 1mg capsules (Waymade Healthcare Plc)
'5494111000001102,Zaditen 1mg capsules (Waymade Healthcare Plc)
'4559311000001106,Diphenhydramine 7mg/5ml / Levomenthol 550micrograms/5ml oral solution sugar free
'4555111000001107,Diphenhydramine 7mg/5ml / Levomenthol 550micrograms/5ml oral solution sugar free
'4558711000001101,Terfenadine 120mg tablets
'4557311000001101,Terfenadine 120mg tablets
'4557411000001108,Triludan Forte 120mg tablets (Hoechst Marion Roussel)
'4557511000001107,Triludan Forte 120mg tablets (Hoechst Marion Roussel)
'4598811000001103,Generic Tixycolds Cold and Hayfever Inhalant capsules
'4590511000001104,Generic Tixycolds Cold and Hayfever Inhalant capsules
'4590711000001109,Tixycolds Cold and Hayfever Inhalant capsules (Novartis Consumer Health UK Ltd)
'4591311000001100,Tixycolds Cold and Hayfever Inhalant capsules (Novartis Consumer Health UK Ltd)
'407904005,Ibuprofen 200mg / Pseudoephedrine hydrochloride 30mg tablets
'4605911000001107,Ibuprofen 200mg / Pseudoephedrine hydrochloride 30mg tablets
'4606011000001104,Ibuprofen 200mg / Pseudoephedrine hydrochloride 30mg tablets
'4606111000001103,Ibuprofen 200mg / Pseudoephedrine hydrochloride 30mg tablets
'4615011000001105,Pseudoephedrine 120mg modified-release capsules
'4614211000001101,Pseudoephedrine 120mg modified-release capsules
'4614311000001109,Pseudoephedrine 120mg modified-release capsules
'4614411000001102,Pseudoephedrine 120mg modified-release capsules
'4623511000001106,Ibuprofen 300mg / Pseudoephedrine 45mg modified-release capsules
'4616411000001105,Ibuprofen 300mg / Pseudoephedrine 45mg modified-release capsules
'8133311000001103,Ibuprofen 300mg / Pseudoephedrine 45mg modified-release capsules
'8133411000001105,Lemsip Cold and Flu Sinus 12 Hr Ibuprofen + Pseudoephedrine modified-release capsules (Reckitt Benckiser Healthcare (UK) Ltd)
'8133511000001109,Lemsip Cold and Flu Sinus 12 Hr Ibuprofen + Pseudoephedrine modified-release capsules (Reckitt Benckiser Healthcare (UK) Ltd)
'9466411000001106,Lemsip Flu 12 Hr Ibuprofen + Pseudoephedrine modified-release capsules (Reckitt Benckiser Healthcare (UK) Ltd)
'9466511000001105,Lemsip Flu 12 Hr Ibuprofen + Pseudoephedrine modified-release capsules (Reckitt Benckiser Healthcare (UK) Ltd)
'4638811000001102,Paracetamol 500mg / Pseudoephedrine hydrochloride 60mg tablets
'4636211000001104,Paracetamol 500mg / Pseudoephedrine hydrochloride 60mg tablets
'4636311000001107,Paracetamol 500mg / Pseudoephedrine hydrochloride 60mg tablets
'4904111000001106,Paracetamol 500mg / Pseudoephedrine hydrochloride 60mg tablets
'4904211000001100,Paracetamol 500mg / Pseudoephedrine hydrochloride 60mg tablets (McNeil Products Ltd)
'13545711000001106,Paracetamol 500mg / Pseudoephedrine hydrochloride 60mg tablets (McNeil Products Ltd)
'4904311000001108,Paracetamol 500mg / Pseudoephedrine hydrochloride 60mg tablets (McNeil Products Ltd)
'4660711000001101,Generic Dimotane Co oral solution paediatric sugar free
'4646211000001103,Generic Dimotane Co oral solution paediatric sugar free
'4646411000001104,Dimotane Co oral solution paediatric sugar free (Wyeth Consumer Healthcare)
'4647011000001106,Dimotane Co oral solution paediatric sugar free (Wyeth Consumer Healthcare)
'4651111000001102,Generic Dimotane Co oral solution sugar free
'4647111000001107,Generic Dimotane Co oral solution sugar free
'4647211000001101,Dimotane Co oral solution sugar free (Wyeth Consumer Healthcare)
'4647311000001109,Dimotane Co oral solution sugar free (Wyeth Consumer Healthcare)
'4665611000001102,Generic Dimotane Expectorant oral solution sugar free
'4652511000001103,Generic Dimotane Expectorant oral solution sugar free
'4652611000001104,Dimotane Expectorant oral solution (Wyeth Consumer Healthcare)
'4652711000001108,Dimotane Expectorant oral solution (Wyeth Consumer Healthcare)
'4665311000001107,Pseudoephedrine 10mg/5ml / Dextromethorphan 3.5mg/5ml oral solution sugar free
'4662311000001101,Pseudoephedrine 10mg/5ml / Dextromethorphan 3.5mg/5ml oral solution sugar free
'4701111000001104,Dextromethorphan 5mg/5ml / Triprolidine 625micrograms/5ml oral solution sugar free
'4673811000001105,Dextromethorphan 5mg/5ml / Triprolidine 625micrograms/5ml oral solution sugar free
'371748006,Fexofenadine 30mg tablets
'4722511000001107,Fexofenadine 30mg tablets
'4722611000001106,Telfast 30mg tablets (Sanofi)
'4722711000001102,Telfast 30mg tablets (Sanofi)
'4747911000001101,Paracetamol 500mg / Pseudoephedrine hydrochloride 30mg tablets
'4742311000001104,Paracetamol 500mg / Pseudoephedrine hydrochloride 30mg tablets
'4742511000001105,Paracetamol 500mg / Pseudoephedrine hydrochloride 30mg tablets
'19507411000001100,Paracetamol 500mg / Pseudoephedrine hydrochloride 30mg tablets
'4754411000001102,Dextromethorphan 10mg/5ml / Pseudoephedrine 10mg/5ml oral suspension sugar free
'4754011000001106,Dextromethorphan 10mg/5ml / Pseudoephedrine 10mg/5ml oral suspension sugar free
'4932111000001107,Diphenhydramine 14mg/5ml / Levomenthol 2mg/5ml oral solution
'4909711000001108,Diphenhydramine 14mg/5ml / Levomenthol 2mg/5ml oral solution
'4909811000001100,Diphenhydramine 14mg/5ml / Levomenthol 2mg/5ml oral solution
'12952911000001103,Diphenhydramine 14mg/5ml / Levomenthol 2mg/5ml oral solution
'4939411000001108,Phenylpropanolamine 50mg / Chlorphenamine 4mg modified-release capsules
'4935811000001107,Phenylpropanolamine 50mg / Chlorphenamine 4mg modified-release capsules
'4935911000001102,Phenylpropanolamine 50mg / Chlorphenamine 4mg modified-release capsules
'4936011000001105,Phenylpropanolamine 50mg / Chlorphenamine 4mg modified-release capsules
'4936111000001106,Contac 400 modified-release capsules (GlaxoSmithKline Consumer Healthcare)
'4936211000001100,Contac 400 modified-release capsules (GlaxoSmithKline Consumer Healthcare)
'4936311000001108,Contac 400 modified-release capsules (GlaxoSmithKline Consumer Healthcare)
'4936411000001101,Contac 400 modified-release capsules (GlaxoSmithKline Consumer Healthcare)
'4939911000001100,Pseudoephedrine 30mg/5ml / Dextromethorphan 10mg/5ml oral solution
'4937011000001108,Pseudoephedrine 30mg/5ml / Dextromethorphan 10mg/5ml oral solution
'11760611000001107,Pseudoephedrine 30mg/5ml / Dextromethorphan 10mg/5ml oral solution
'5014211000001100,Paracetamol 120mg/5ml / Diphenhydramine 7mg/5ml oral suspension sugar free
'5008211000001109,Paracetamol 120mg/5ml / Diphenhydramine 7mg/5ml oral suspension sugar free
'36069711000001107,Diphenhydramine 10mg/5ml oral solution
'5059811000001109,Diphenhydramine 10mg/5ml oral solution
'27689111000001100,Diphenhydramine 10mg/5ml oral solution
'5060311000001104,Dreemon 10mg/5ml syrup (E M Pharma)
'5060811000001108,Dreemon 10mg/5ml syrup (E M Pharma)
'8973511000001109,Histergan 10mg/5ml syrup (Norma Chemicals Ltd)
'8973611000001108,Histergan 10mg/5ml syrup (Norma Chemicals Ltd)
'27689311000001103,Diphenhydramine 10mg/5ml oral solution (Special Order)
'27689611000001108,Diphenhydramine 10mg/5ml oral solution (Special Order)
'31309511000001103,Nytol Herbal Simply Sleep and Calm elixir (Omega Pharma Ltd)
'31309711000001108,Nytol Herbal Simply Sleep and Calm elixir (Omega Pharma Ltd)
'7526811000001100,Guaifenesin 100mg/5ml / Pseudoephedrine 30mg/5ml oral solution sugar free
'7520011000001108,Guaifenesin 100mg/5ml / Pseudoephedrine 30mg/5ml oral solution sugar free
'20567511000001103,Guaifenesin 100mg/5ml / Pseudoephedrine 30mg/5ml oral solution sugar free
'7970011000001102,Guaifenesin 66.67mg/5ml / Pseudoephedrine 20mg/5ml oral solution sugar free
'7944811000001102,Guaifenesin 66.67mg/5ml / Pseudoephedrine 20mg/5ml oral solution sugar free
'8016611000001102,Ammonium chloride 100mg/5ml / Diphenhydramine 12.5mg/5ml oral solution sugar free
'8018511000001100,Ammonium chloride 100mg/5ml / Diphenhydramine 12.5mg/5ml oral solution sugar free
'8019811000001109,Diphenhydramine 6.25mg/5ml oral solution sugar free
'8020111000001101,Diphenhydramine 6.25mg/5ml oral solution sugar free
'8029711000001107,Ammonium chloride 130mg/5ml / Diphenhydramine 14mg/5ml oral solution
'8030411000001108,Ammonium chloride 130mg/5ml / Diphenhydramine 14mg/5ml oral solution
'13667011000001103,Ammonium chloride 130mg/5ml / Diphenhydramine 14mg/5ml oral solution
'8115811000001104,Generic Sominex Herbal tablets
'8113511000001101,Generic Sominex Herbal tablets
'8113611000001102,Sominex Herbal tablets (Teva UK Ltd)
'8113711000001106,Sominex Herbal tablets (Teva UK Ltd)
'18679711000001104,Nytol Herbal tablets (Omega Pharma Ltd)
'18679811000001107,Nytol Herbal tablets (Omega Pharma Ltd)
'19536211000001106,Boots Sleepeaze Herbal tablets (The Boots Company Plc)
'19536311000001103,Boots Sleepeaze Herbal tablets (The Boots Company Plc)
'8451511000001105,Cyproheptadine 2mg/5ml oral solution
'8411111000001108,Cyproheptadine 2mg/5ml oral solution
'8411211000001102,Cyproheptadine 2mg/5ml oral solution (Special Order)
'8411611000001100,Cyproheptadine 2mg/5ml oral solution (Special Order)
'8451711000001100,Cyproheptadine 4mg/5ml oral solution
'8411311000001105,Cyproheptadine 4mg/5ml oral solution
'8411411000001103,Cyproheptadine 4mg/5ml oral solution (Special Order)
'8411511000001104,Cyproheptadine 4mg/5ml oral solution (Special Order)
'8451811000001108,Cyproheptadine 4mg/5ml oral suspension
'8411711000001109,Cyproheptadine 4mg/5ml oral suspension
'8411811000001101,Cyproheptadine 4mg/5ml oral suspension (Special Order)
'8411911000001106,Cyproheptadine 4mg/5ml oral suspension (Special Order)
'8451611000001109,Cyproheptadine 2mg/5ml oral suspension
'8412011000001104,Cyproheptadine 2mg/5ml oral suspension
'8412211000001109,Cyproheptadine 2mg/5ml oral suspension (Special Order)
'8412311000001101,Cyproheptadine 2mg/5ml oral suspension (Special Order)
'8560111000001106,Hydroxyzine 5mg/5ml oral solution
'8538211000001105,Hydroxyzine 5mg/5ml oral solution
'8538511000001108,Hydroxyzine 5mg/5ml oral solution (Special Order)
'8538611000001107,Hydroxyzine 5mg/5ml oral solution (Special Order)
'8560211000001100,Hydroxyzine 5mg/5ml oral suspension
'8538911000001101,Hydroxyzine 5mg/5ml oral suspension
'8539011000001105,Hydroxyzine 5mg/5ml oral suspension (Special Order)
'8539211000001100,Hydroxyzine 5mg/5ml oral suspension (Special Order)
'8800511000001104,Phenylpropanolamine 50mg capsules
'8764611000001109,Phenylpropanolamine 50mg capsules
'8765311000001100,Phenylpropanolamine 50mg capsules (Special Order)
'8765411000001107,Phenylpropanolamine 50mg capsules (Special Order)
'8888411000001101,Diphenhydramine 12.5mg/5ml / Pholcodine 3.75mg/5ml oral solution
'8856911000001100,Diphenhydramine 12.5mg/5ml / Pholcodine 3.75mg/5ml oral solution
'9469611000001101,Paracetamol 1g / Pseudoephedrine 60mg oral powder sachets
'9465811000001100,Paracetamol 1g / Pseudoephedrine 60mg oral powder sachets
'11656211000001108,Alimemazine 15mg/5ml oral solution
'11643511000001100,Alimemazine 15mg/5ml oral solution
'11643611000001101,Alimemazine 15mg/5ml oral solution (Special Order)
'11643811000001102,Alimemazine 15mg/5ml oral solution (Special Order)
'11656311000001100,Alimemazine 5mg/5ml oral solution
'11644111000001106,Alimemazine 5mg/5ml oral solution
'11644211000001100,Alimemazine 5mg/5ml oral solution (Special Order)
'11644311000001108,Alimemazine 5mg/5ml oral solution (Special Order)
'11763111000001106,Levocetirizine 500micrograms/ml oral solution sugar free
'11760011000001100,Levocetirizine 500micrograms/ml oral solution sugar free
'11760111000001104,Xyzal 0.5mg/ml oral solution (UCB Pharma Ltd)
'11760211000001105,Xyzal 0.5mg/ml oral solution (UCB Pharma Ltd)
'12018311000001104,Chlorphenamine 50mg/5ml oral solution
'11984211000001109,Chlorphenamine 50mg/5ml oral solution
'11984311000001101,Chlorphenamine 50mg/5ml oral solution (Special Order)
'11984411000001108,Chlorphenamine 50mg/5ml oral solution (Special Order)
'12635811000001103,Hydroxyzine 2.5mg/5ml oral solution
'12577311000001105,Hydroxyzine 2.5mg/5ml oral solution
'12577411000001103,Hydroxyzine 2.5mg/5ml oral solution (Special Order)
'12577511000001104,Hydroxyzine 2.5mg/5ml oral solution (Special Order)
'12635911000001108,Hydroxyzine 20mg/5ml oral solution
'12578011000001108,Hydroxyzine 20mg/5ml oral solution
'12578111000001109,Hydroxyzine 20mg/5ml oral solution (Special Order)
'12578211000001103,Hydroxyzine 20mg/5ml oral solution (Special Order)
'12636011000001100,Hydroxyzine 25mg/5ml oral solution
'12578711000001105,Hydroxyzine 25mg/5ml oral solution
'12578811000001102,Hydroxyzine 25mg/5ml oral solution (Special Order)
'12578911000001107,Hydroxyzine 25mg/5ml oral solution (Special Order)
'13040911000001101,Phenylpropanolamine 25mg/5ml oral suspension
'13024111000001105,Phenylpropanolamine 25mg/5ml oral suspension
'13024211000001104,Phenylpropanolamine 25mg/5ml oral suspension (Special Order)
'13024311000001107,Phenylpropanolamine 25mg/5ml oral suspension (Special Order)
'13040811000001106,Phenylpropanolamine 25mg/5ml oral solution
'13024711000001106,Phenylpropanolamine 25mg/5ml oral solution
'13024811000001103,Phenylpropanolamine 25mg/5ml oral solution (Special Order)
'13024911000001108,Phenylpropanolamine 25mg/5ml oral solution (Special Order)
'13093911000001101,Ibuprofen 100mg/5ml / Pseudoephedrine 15mg/5ml oral suspension sugar free
'13092911000001108,Ibuprofen 100mg/5ml / Pseudoephedrine 15mg/5ml oral suspension sugar free
'13149211000001107,Promethazine 25mg/5ml oral suspension
'13142011000001109,Promethazine 25mg/5ml oral suspension
'13142111000001105,Promethazine 25mg/5ml oral suspension (Special Order)
'13142211000001104,Promethazine 25mg/5ml oral suspension (Special Order)
'13149011000001102,Promethazine 25mg/5ml oral solution
'13142311000001107,Promethazine 25mg/5ml oral solution
'13142511000001101,Promethazine 25mg/5ml oral solution (Special Order)
'13142711000001106,Promethazine 25mg/5ml oral solution (Special Order)
'14013711000001102,Fexofenadine 120mg/5ml oral solution
'13984811000001104,Fexofenadine 120mg/5ml oral solution
'13984911000001109,Fexofenadine 120mg/5ml oral solution (Special Order)
'13985111000001105,Fexofenadine 120mg/5ml oral solution (Special Order)
'14013811000001105,Fexofenadine 120mg/5ml oral suspension
'13985311000001107,Fexofenadine 120mg/5ml oral suspension
'13985411000001100,Fexofenadine 120mg/5ml oral suspension (Special Order)
'13985511000001101,Fexofenadine 120mg/5ml oral suspension (Special Order)
'15774211000001108,Fexofenadine 180mg/5ml oral solution
'15654311000001105,Fexofenadine 180mg/5ml oral solution
'15654411000001103,Fexofenadine 180mg/5ml oral solution (Special Order)
'15654511000001104,Fexofenadine 180mg/5ml oral solution (Special Order)
'15774311000001100,Fexofenadine 180mg/5ml oral suspension
'15654611000001100,Fexofenadine 180mg/5ml oral suspension
'15654711000001109,Fexofenadine 180mg/5ml oral suspension (Special Order)
'15654811000001101,Fexofenadine 180mg/5ml oral suspension (Special Order)
'15859211000001108,Rupatadine 10mg tablets
'15858111000001109,Rupatadine 10mg tablets
'15858211000001103,Rupafin 10mg tablets (GlaxoSmithKline UK Ltd)
'15858311000001106,Rupafin 10mg tablets (GlaxoSmithKline UK Ltd)
'33767211000001103,Rupatadine 10mg tablets (Aspire Pharma Ltd)
'33767311000001106,Rupatadine 10mg tablets (Aspire Pharma Ltd)
'34712111000001109,Rupatadine 10mg tablets (Alliance Healthcare (Distribution) Ltd)
'34712211000001103,Rupatadine 10mg tablets (Alliance Healthcare (Distribution) Ltd)
'16101011000001100,Desloratadine 2.5mg/5ml oral solution sugar free
'16097811000001106,Desloratadine 2.5mg/5ml oral solution sugar free
'16299211000001105,Desloratadine 2.5mg/5ml oral solution sugar free
'16098011000001104,Neoclarityn 2.5mg/5ml oral solution (Merck Sharp & Dohme Ltd)
'16098111000001103,Neoclarityn 2.5mg/5ml oral solution (Merck Sharp & Dohme Ltd)
'16299411000001109,Neoclarityn 2.5mg/5ml oral solution (Merck Sharp & Dohme Ltd)
'20343311000001109,Midetorin 2.5mg/5ml oral solution (Actavis UK Ltd)
'20343411000001102,Midetorin 2.5mg/5ml oral solution (Actavis UK Ltd)
'20499711000001109,Desloratadine 2.5mg/5ml oral solution sugar free (A A H Pharmaceuticals Ltd)
'32682811000001104,Desloratadine 2.5mg/5ml oral solution sugar free (A A H Pharmaceuticals Ltd)
'20499811000001101,Desloratadine 2.5mg/5ml oral solution sugar free (A A H Pharmaceuticals Ltd)
'22380411000001108,Midetorin 2.5mg/5ml oral solution (Arrow Generics Ltd)
'22380511000001107,Midetorin 2.5mg/5ml oral solution (Arrow Generics Ltd)
'22392211000001109,Desloratadine 2.5mg/5ml oral solution sugar free (Waymade Healthcare Plc)
'22392311000001101,Desloratadine 2.5mg/5ml oral solution sugar free (Waymade Healthcare Plc)
'31257711000001104,Desloratadine 2.5mg/5ml oral solution sugar free (Alliance Healthcare (Distribution) Ltd)
'31257811000001107,Desloratadine 2.5mg/5ml oral solution sugar free (Alliance Healthcare (Distribution) Ltd)
'31990211000001100,Desloratadine 2.5mg/5ml oral solution sugar free (Ennogen Healthcare Ltd)
'31990311000001108,Desloratadine 2.5mg/5ml oral solution sugar free (Ennogen Healthcare Ltd)
'32065011000001107,Desloratadine 2.5mg/5ml oral solution sugar free (Rosemont Pharmaceuticals Ltd)
'32065211000001102,Desloratadine 2.5mg/5ml oral solution sugar free (Rosemont Pharmaceuticals Ltd)
'32895711000001107,Desloratadine 2.5mg/5ml oral solution sugar free (Actavis UK Ltd)
'32897011000001103,Desloratadine 2.5mg/5ml oral solution sugar free (Actavis UK Ltd)
'32896211000001106,Desloratadine 2.5mg/5ml oral solution sugar free (Actavis UK Ltd)
'34019911000001100,Desloratadine 2.5mg/5ml oral solution sugar free (Crescent Pharma Ltd)
'34020211000001108,Desloratadine 2.5mg/5ml oral solution sugar free (Crescent Pharma Ltd)
'35689611000001108,Desloratadine 2.5mg/5ml oral solution sugar free (Accord Healthcare Ltd)
'35689711000001104,Desloratadine 2.5mg/5ml oral solution sugar free (Accord Healthcare Ltd)
'36095111000001106,Dexbrompheniramine 6mg / Pseudoephedrine sulfate 120mg modified-release tablets
'17531411000001105,Dexbrompheniramine 6mg / Pseudoephedrine sulfate 120mg modified-release tablets
'17853911000001101,Guaifenesin 50mg/5ml / Pseudoephedrine 10mg/5ml oral solution sugar free
'17848411000001101,Guaifenesin 50mg/5ml / Pseudoephedrine 10mg/5ml oral solution sugar free
'18759311000001105,Bilastine 20mg tablets
'18749111000001105,Bilastine 20mg tablets
'18749211000001104,Ilaxten 20mg tablets (A. Menarini Farmaceutica Internazionale SRL)
'18749311000001107,Ilaxten 20mg tablets (A. Menarini Farmaceutica Internazionale SRL)
'20344911000001107,Cetirizine 10mg capsules
'20344011000001108,Cetirizine 10mg capsules
'20344111000001109,Benadryl Allergy Liquid Release 10mg capsules (McNeil Products Ltd)
'20344211000001103,Benadryl Allergy Liquid Release 10mg capsules (McNeil Products Ltd)
'20555711000001109,Fexofenadine 125mg/5ml oral suspension
'20551411000001101,Fexofenadine 125mg/5ml oral suspension
'20551511000001102,Fexofenadine 125mg/5ml oral suspension (Special Order)
'20551611000001103,Fexofenadine 125mg/5ml oral suspension (Special Order)
'21014411000001100,Loratadine 10mg oral lyophilisates sugar free
'20983911000001107,Loratadine 10mg oral lyophilisates sugar free
'20984011000001105,Clarityn Rapide Allergy 10mg tablets (Bayer Plc)
'20984111000001106,Clarityn Rapide Allergy 10mg tablets (Bayer Plc)
'22192111000001109,Brompheniramine 12mg modified-release capsules
'22171211000001104,Brompheniramine 12mg modified-release capsules
'22171311000001107,Dimegan 12mg modified-release capsules (Imported (France))
'22171411000001100,Dimegan 12mg modified-release capsules (Imported (France))
'35728611000001102,Nytol Herbal Simply Sleep One-A-Night 385mg tablets (Omega Pharma Ltd)
'35728711000001106,Nytol Herbal Simply Sleep One-A-Night 385mg tablets (Omega Pharma Ltd)
'31001811000001102,Alimemazine 10mg/5ml oral solution
'30997711000001103,Alimemazine 10mg/5ml oral solution
'30997811000001106,Alimemazine 10mg/5ml oral solution (Special Order)
'30997911000001101,Alimemazine 10mg/5ml oral solution (Special Order)
'34447611000001104,Hydroxyzine 15mg/5ml oral suspension
'34433411000001105,Hydroxyzine 15mg/5ml oral suspension
'34433511000001109,Hydroxyzine 15mg/5ml oral suspension (Special Order)
'34433711000001104,Hydroxyzine 15mg/5ml oral suspension (Special Order)
'35577711000001105,Hydroxyzine 10mg/5ml oral suspension
'35570811000001101,Hydroxyzine 10mg/5ml oral suspension
'35570911000001106,Hydroxyzine 10mg/5ml oral suspension (Special Order)
'35571011000001103,Hydroxyzine 10mg/5ml oral suspension (Special Order)
'36459411000001102,Ketotifen 500micrograms/5ml oral solution
'36449611000001101,Ketotifen 500micrograms/5ml oral solution
'36449711000001105,Ketotifen 500micrograms/5ml oral solution (Special Order)
'36449811000001102,Ketotifen 500micrograms/5ml oral solution (Special Order)
'36459311000001109,Ketotifen 250micrograms/5ml oral suspension
'36449911000001107,Ketotifen 250micrograms/5ml oral suspension
'36450011000001103,Ketotifen 250micrograms/5ml oral suspension (Special Order)
'36450111000001102,Ketotifen 250micrograms/5ml oral suspension (Special Order)
'36458311000001103,Brompheniramine 12mg capsules
'36451111000001108,Brompheniramine 12mg capsules
'36451211000001102,Brompheniramine 12mg capsules (Special Order)
'36451311000001105,Brompheniramine 12mg capsules (Special Order)
'36594811000001102,Alimemazine 5mg/5ml oral suspension
'36582411000001107,Alimemazine 5mg/5ml oral suspension
'36582511000001106,Alimemazine 5mg/5ml oral suspension (Special Order)
'36582611000001105,Alimemazine 5mg/5ml oral suspension (Special Order)
'36594711000001105,Alimemazine 1.5mg/5ml oral solution
'36583311000001105,Alimemazine 1.5mg/5ml oral solution
'36583411000001103,Alimemazine 1.5mg/5ml oral solution (Special Order)
'36583511000001104,Alimemazine 1.5mg/5ml oral solution (Special Order)
'36786911000001101,Rupatadine 1mg/ml oral solution
'36782711000001102,Rupatadine 1mg/ml oral solution
'36782811000001105,Rupatadine 1mg/ml oral solution (Aspire Pharma Ltd)
'36782911000001100,Rupatadine 1mg/ml oral solution (Aspire Pharma Ltd)
'36904111000001102,Loratadine 5mg/5ml oral solution sugar free
'36900111000001106,Loratadine 5mg/5ml oral solution sugar free
'36900211000001100,Loratadine 5mg/5ml oral solution sugar free (Torrent Pharma (UK) Ltd)
'36900311000001108,Loratadine 5mg/5ml oral solution sugar free (Torrent Pharma (UK) Ltd)